Category	Keyword	Regional Monthly Search Volume for Jan 2026	Funnels	Latest Top Rank URL	Avg Base Rank for Week of Dec 31, 2025	Avg Base Rank for Week of Jan 07, 2026	Avg Base Rank for Week of Jan 14, 2026	Avg Base Rank for Week of Jan 21, 2026	Avg Base Rank for Week of Jan 28, 2026	Avg Base Rank for Week of Feb 4, 2026	Avg Base Rank for Week of Feb 11, 2026	Avg Base Rank for Week of Feb 18, 2026	Avg Base Rank for Week of Feb 25, 2026	Avg Base Rank for Week of Mar 04, 2026	Avg Base Rank for Week of Mar 11, 2026	Avg Base Rank for Week of Mar 18, 2026	Avg Base Rank for Week of Mar 25, 2026	Avg Base Rank for Week of Apr 01, 2026	Avg Base Rank for Week of Apr 08, 2026	Avg Base Rank for Week of Apr 15, 2026	Avg Base Rank for Week of Apr 22, 2026	Avg Base Rank for Week of Apr 29, 2026	Avg Base Rank for Week of May 06, 2026	Avg Base Rank for Week of May 13, 2026	Avg Base Rank for Week of May 20, 2026	Avg Base Rank for Week of May 27, 2026	Avg Base Rank for Week of Jun 03, 2026	Avg Base Rank for Week of Jun 10, 2026	Avg Base Rank for Week of Jun 17, 2026	Avg Base Rank for Week of Jun 24, 2026	Avg Base Rank for Week of Jul 01, 2026	Avg Base Rank for Week of Jul 08, 2026	Avg Base Rank for Week of Jul 15, 2026	Avg Base Rank for Week of Jul 22, 2026	Avg Base Rank for Week of Jul 29, 2026	Avg Base Rank for Week of Aug 05, 2026	Avg Base Rank for Week of Aug 12, 2026	Avg Base Rank for Week of Aug 19, 2026	Current vs Previous week	Baseline vs Current Week
Top Opportunities	network firewalls	720	TOFU	https://www.fortinet.com/resources/cyberglossary/firewall	8	6	1	7	6	6	6	1	5	1	6	1	4	1	1	1	1	1	1	1	1	1	5	3	4	9	3	1	1	1	1	1	1	1	0	7
Top Opportunities	vpn	673000	TOFU	https://www.fortinet.com/resources/cyberglossary/what-is-a-vpn	41	29	31	33	20	17	25	16	24	-	29	10	17	1	1	1	1	1	17	1	1	1	1	11	1	8	7	8	1	7	8	20	1	13	-12	28
Top Opportunities	phishing	49500	TOFU	https://www.fortinet.com/resources/cyberglossary/phishing	12	16	17	13	16	16	12	19	5	1	16	26	10	1	6	1	1	1	1	1	1	48	1	1	1	1	1	49	27	57	19	20	26	29	-3	-17
Top Opportunities	proxy	201000	TOFU	https://www.fortinet.com/resources/cyberglossary/proxy-server	5	4	5	20	10	7	4	1	9	11	1	7	7	1	9	6	8	20	1	6	6	1	4	5	4	1	11	6	8	6	6	3	5	3	2	2
Top Opportunities	cybersecurity	201000	TOFU		7	8	9	9	8	1	23	10	9	19	8	19	8	1	1	23	1	17	1	11	36	16	9	-	5	7	9	1	1	1	36	1	31	-	#VALUE!	#VALUE!
Top Opportunities	ddos	33100	TOFU	https://www.fortinet.com/resources/cyberglossary/ddos-attack	4	4	4	4	1	5	4	1	1	1	1	1	1	1	1	1	1	1	1	5	1	1	1	1	6	1	1	1	1	1	1	5	1	1	0	3
Top Opportunities	iam	33100	TOFU	https://www.fortinet.com/resources/cyberglossary/identity-and-access-management	-	10	12	16	19	17	1	1	1	9	18	16	20	8	13	1	24	28	23	1	101	-	24	-	-	23	20	25	23	-	8	37	2	1	1	#VALUE!
Top Opportunities	firewall	27100	TOFU	https://www.fortinet.com/resources/cyberglossary/firewall	5	3	3	1	1	1	1	1	3	1	1	1	2	1	1	1	1	1	1	1	1	1	1	1	1	1	1	1	1	1	1	1	1	1	0	4
Top Opportunities	firewalls	5400	TOFU	https://www.fortinet.com/resources/cyberglossary/firewall	1	3	1	1	1	1	4	1	1	1	4	1	1	1	1	1	1	1	1	1	1	1	1	1	1	1	1	1	1	1	1	1	1	1	0	0
Top Opportunities	ips	49500	TOFU	https://www.fortinet.com/resources/cyberglossary/what-is-an-ips	26	19	18	16	15	17	1	1	1	1	1	18	14	1	1	23	1	1	1	1	21	-	21	21	1	9	13	12	12	7	9	13	10	1	9	25
Top Opportunities	malware	40500	TOFU	https://www.fortinet.com/resources/cyberglossary/malware	7	5	5	5	26	5	7	7	1	1	1	10	9	10	1	1	1	18	1	15	1	19	14	-	12	13	-	22	21	18	27	20	21	25	-4	-18
Top Opportunities	encryption	22200	TOFU	https://www.fortinet.com/resources/cyberglossary/encryption	10	10	6	1	1	1	19	25	20	12	7	8	1	9	1	1	16	16	16	16	17	15	1	15	1	16	18	1	20	10	10	18	22	20	2	-10
Top Opportunities	iot	27100	TOFU	https://www.fortinet.com/resources/cyberglossary/iot	1	27	1	-	-	-	43	35	1	26	21	1	1	1	42	1	1	1	23	52	1	-	1	29	1	1	-	-	22	24	26	35	25	25	0	-24
Top Opportunities	wan	33100	TOFU	https://www.fortinet.com/resources/cyberglossary/wan	6	7	1	8	1	-	1	1	1	1	1	1	1	6	1	1	1	1	1	3	14	1	20	-	-	1	14	1	18	1	1	1	1	1	0	5
Top Opportunities	ransomware	33100	TOFU	https://www.fortinet.com/resources/cyberglossary/ransomware	4	3	4	1	1	4	4	4	6	5	5	4	4	1	1	1	1	1	1	1	4	5	5	7	1	6	1	6	6	4	8	7	7	5	2	-1
Top Opportunities	internet of things	22200	TOFU	https://www.fortinet.com/resources/cyberglossary/iot	17	19	1	1	1	15	1	13	16	1	13	1	1	17	15	-	31	25	22	1	21	1	1	1	1	1	1	-	24	30	32	26	1	28	-27	-11
Top Opportunities	proxy server	33100	TOFU	https://www.fortinet.com/resources/cyberglossary/proxy-server	1	1	6	1	1	1	3	1	1	1	1	4	1	1	1	3	1	4	1	1	2	2	1	1	1	2	1	1	1	1	5	1	1	3	-2	-2
Top Opportunities	ddos attack	18100	TOFU	https://www.fortinet.com/resources/cyberglossary/ddos-attack	1	1	1	4	6	9	5	1	8	9	1	3	1	1	1	1	11	8	1	1	1	10	20	9	11	8	32	12	1	1	1	1	9	10	-1	-9
Top Opportunities	phishing definition	27100	TOFU	https://www.fortinet.com/resources/cyberglossary/phishing	9	8	7	9	10	1	9	7	3	7	6	9	6	21	1	23	19	22	23	1	1	17	1	1	1	23	1	18	1	75	18	19	1	1	0	8
Top Opportunities	vpn service	9900	MOFU		-	-	-	-	-	-	-	-	-	-	-	-	-	-	-	-	-	-	1	-	-	-	-	-	-	54	-	-	-	-	-	-	-	-	#VALUE!	#VALUE!
Top Opportunities	ddos meaning	8100	TOFU	https://www.fortinet.com/resources/cyberglossary/ddos-attack	3	3	3	4	4	4	4	5	4	3	2	1	3	3	1	5	1	1	1	6	1	6	1	1	5	1	6	1	5	5	5	5	1	1	0	2
Top Opportunities	saml	18100	TOFU	https://www.fortinet.com/resources/cyberglossary/saml	15	20	18	18	15	18	18	12	18	12	13	9	8	1	10	1	14	29	-	19	1	17	24	19	20	21	18	16	18	1	18	23	20	28	-8	-13
Top Opportunities	ethernet switch	14800	BOFU 	https://www.fortinet.com/resources/cyberglossary/what-is-ethernet-switching	1	7	1	1	1	1	1	12	1	22	1	8	9	1	8	22	19	1	1	1	1	-	1	-	-	1	1	1	1	-	101	1	6	1	5	0
Top Opportunities	single sign on	12100	TOFU	https://www.fortinet.com/resources/cyberglossary/single-sign-on	12	12	1	1	1	13	9	10	1	8	1	1	1	1	1	20	1	1	18	1	16	10	21	10	1	14	25	22	1	1	1	10	9	1	8	11
Top Opportunities	two factor authentication	12100	TOFU	https://www.fortinet.com/resources/cyberglossary/two-factor-authentication	11	13	10	16	14	10	10	12	9	1	1	9	11	1	8	1	9	19	20	10	14	12	11	9	20	11	12	12	12	20	12	12	12	15	-3	-4
Top Opportunities	sd wan	6600	TOFU	https://www.fortinet.com/resources/cyberglossary/sd-wan-explained	1	1	3	1	5	5	1	4	1	4	1	1	1	1	1	1	1	1	1	1	1	1	1	1	1	1	1	1	1	4	3	4	1	1	0	0
Top Opportunities	sd-wan	6600	TOFU	https://www.fortinet.com/resources/cyberglossary/sd-wan-explained	1	1	1	1	4	4	1	4	1	4	4	3	1	1	1	1	1	1	1	1	3	1	1	1	1	1	1	1	1	4	3	4	1	4	-3	-3
Top Opportunities	what is ips	3600	TOFU	https://www.fortinet.com/resources/cyberglossary/what-is-an-ips	2	2	2	1	2	1	1	2	1	1	1	2	1	1	1	1	1	2	1	1	2	2	2	1	5	3	5	1	2	2	1	3	3	1	2	1
Top Opportunities	oauth	12100	TOFU	https://www.fortinet.com/resources/cyberglossary/oauth	1	1	9	23	1	13	1	1	1	1	1	9	6	14	6	1	1	1	1	1	1	1	1	1	1	1	1	-	24	10	7	101	18	20	-2	-19
Top Opportunities	what is malware	135000	TOFU	https://www.fortinet.com/resources/cyberglossary/malware	3	1	6	6	1	4	6	1	1	1	8	4	5	5	6	18	14	16	13	16	18	15	1	20	20	18	18	20	-	21	23	1	20	26	-6	-23
Top Opportunities	sdwan	6600	TOFU	https://www.fortinet.com/resources/cyberglossary/sd-wan-explained	1	1	1	1	5	5	1	1	1	1	3	1	1	1	1	1	1	1	1	1	1	1	1	1	1	1	1	1	1	1	1	8	1	3	-2	-2
Top Opportunities	phishing email	9900	TOFU		69	86	83	85	85	86	-	-	-	-	7	28	-	15	14	19	17	1	12	19	1	1	14	20	23	16	67	62	71	29	36	101	-	-	#VALUE!	#VALUE!
Top Opportunities	what is phishing	74000	TOFU	https://www.fortinet.com/resources/cyberglossary/phishing	1	4	4	7	11	8	6	1	9	1	3	1	6	5	1	1	1	1	8	1	1	1	-	1	1	10	1	8	1	10	8	21	10	8	2	-7
Top Opportunities	what is a proxy server	18100	TOFU	https://www.fortinet.com/resources/cyberglossary/proxy-server	1	1	1	1	1	1	1	1	1	1	1	1	1	1	1	1	1	3	3	1	1	3	1	1	1	1	1	1	1	1	1	1	1	1	0	0
Top Opportunities	ethernet switching	260	TOFU	https://www.fortinet.com/resources/cyberglossary/what-is-ethernet-switching	3	1	1	1	5	3	3	1	1	1	1	4	3	1	1	1	1	1	1	1	1	1	1	1	1	1	1	10	-	1	1	1	8	8	0	-5
Top Opportunities	sase	14800	TOFU	https://www.fortinet.com/resources/cyberglossary/sase	1	1	1	1	1	1	1	1	1	1	1	1	1	1	1	1	1	1	2	1	2	1	1	1	1	1	1	1	1	1	1	1	1	1	0	0
Top Opportunities	what is a proxy	12100	TOFU	https://www.fortinet.com/resources/cyberglossary/proxy-server	1	1	1	1	1	1	1	1	1	3	1	2	2	2	3	1	1	3	1	1	2	1	3	3	1	1	2	2	2	2	2	4	2	2	0	-1
Top Opportunities	qos	9900	TOFU	https://www.fortinet.com/resources/cyberglossary/qos-quality-of-service	1	1	1	1	2	2	1	1	3	1	1	2	2	1	1	1	1	1	3	1	1	2	1	1	1	1	1	1	1	1	1	2	1	1	0	0
Top Opportunities	zero day	368000	TOFU		14	15	12	13	15	14	13	14	24	-	24	16	11	16	25	18	22	23	18	31	-	1	1	-	-	-	-	-	-	-	1	101	-	-	#VALUE!	#VALUE!
Top Opportunities	malware definition	8100	TOFU	https://www.fortinet.com/resources/cyberglossary/malware	10	11	11	9	16	1	1	10	1	9	8	30	9	46	8	18	18	17	15	18	9	14	10	12	12	12	56	15	62	22	12	1	12	11	1	-1
Top Opportunities	what is ddos	3600	TOFU	https://www.fortinet.com/resources/cyberglossary/ddos-attack	1	1	1	1	1	1	1	6	23	9	1	1	1	1	1	1	1	12	1	9	1	1	11	1	1	1	13	1	1	7	6	11	10	13	-3	-12
Top Opportunities	multi factor authentication	14800	TOFU	https://www.fortinet.com/resources/cyberglossary/multi-factor-authentication	25	14	20	20	16	19	18	31	15	14	1	22	12	17	14	1	1	25	-	1	20	21	-	22	-	27	23	26	-	25	25	101	22	26	-4	-1
Top Opportunities	how does vpn work	4400	TOFU	https://www.fortinet.com/resources/cyberglossary/how-does-vpn-work	1	1	1	1	1	1	1	1	1	1	1	2	1	1	2	1	1	1	1	1	1	1	1	1	1	3	1	3	2	3	3	3	3	3	0	-2
Top Opportunities	byod	9900	TOFU	https://www.fortinet.com/resources/cyberglossary/byod	3	3	3	2	2	3	1	1	1	1	1	1	4	1	4	1	1	4	1	5	1	1	1	2	1	3	1	1	1	1	1	4	1	1	0	2
Top Opportunities	encryption definition	6600	TOFU	https://www.fortinet.com/resources/cyberglossary/encryption	1	1	1	1	5	1	1	6	1	2	2	1	3	1	2	1	4	1	1	1	1	2	1	1	1	1	2	2	1	2	1	1	2	1	1	0
Top Opportunities	what is a firewall	135000	TOFU	https://www.fortinet.com/resources/cyberglossary/firewall	1	1	1	1	1	1	1	1	1	1	1	1	1	3	3	1	1	1	1	1	1	1	1	1	1	1	1	1	1	1	1	1	1	1	0	0
Top Opportunities	access control	12100	TOFU	https://www.fortinet.com/resources/cyberglossary/access-control	1	1	3	1	1	4	1	6	1	1	1	3	1	4	4	1	4	1	1	1	1	1	2	2	2	2	1	2	1	1	1	2	2	1	1	0
Top Opportunities	802.1 x	1000	TOFU	https://www.fortinet.com/resources/cyberglossary/802-1x-authentication	1	4	3	4	1	3	3	6	1	1	1	6	3	1	1	1	4	1	1	1	1	3	1	4	3	1	1	1	4	3	1	5	4	3	1	-2
Top Opportunities	network firewall	3600	TOFU	https://www.fortinet.com/resources/cyberglossary/firewall	1	1	1	8	5	5	7	1	6	1	6	6	5	9	1	1	1	1	1	1	1	1	18	20	21	19	18	1	1	1	1	1	1	1	0	0
NAC	byod	9900	TOFU	https://www.fortinet.com/resources/cyberglossary/byod	3	3	3	2	2	3	1	1	1	1	1	1	4	1	4	1	1	4	1	5	1	1	1	2	1	3	1	1	1	1	1	4	1	1	0	2
NAC	access control	12100	TOFU	https://www.fortinet.com/resources/cyberglossary/access-control	1	1	3	1	1	4	1	6	1	1	1	3	1	4	4	1	4	1	1	1	1	1	2	2	2	2	1	2	1	1	1	2	2	1	1	0
NAC	access control lists	720	TOFU	https://www.fortinet.com/resources/cyberglossary/network-access-control-list	1	3	1	1	3	1	1	1	1	1	1	1	1	3	1	1	3	3	3	1	1	2	1	1	1	1	1	2	2	1	2	1	2	1	1	0
NAC	identity access management	2900	TOFU	https://www.fortinet.com/resources/cyberglossary/identity-and-access-management	9	8	9	7	6	15	6	1	11	6	1	1	1	8	7	18	1	1	1	1	18	-	-	1	1	1	27	1	31	33	9	101	24	28	-4	-19
NAC	network access control	2900	TOFU	https://www.fortinet.com/resources/cyberglossary/what-is-network-access-control	1	1	2	4	1	1	1	1	1	1	1	1	7	1	1	1	1	1	1	1	1	2	1	1	1	1	1	1	1	1	3	1	1	3	-2	-2
NAC	acl network	720	TOFU	https://www.fortinet.com/resources/cyberglossary/network-access-control-list	1	1	1	1	2	2	1	1	2	1	2	2	2	1	1	2	2	1	1	2	3	3	3	3	1	1	1	3	1	3	1	3	3	2	1	-1
NAC	networking acl	90	TOFU	https://www.fortinet.com/resources/cyberglossary/network-access-control-list	1	1	1	1	1	1	1	1	2	2	2	2	2	1	2	2	2	1	2	1	1	1	2	1	1	2	2	1	1	1	2	1	1	2	-1	-1
NAC	iot security	3600	TOFU	https://www.fortinet.com/resources/cyberglossary/iot-security	1	1	1	1	1	2	2	1	1	1	1	1	1	1	1	1	1	1	1	1	1	1	1	1	1	1	1	1	1	1	1	1	1	1	0	0
NAC	what is iam	1900	TOFU	https://www.fortinet.com/resources/cyberglossary/identity-and-access-management	5	5	5	9	7	7	11	5	7	5	5	5	6	1	1	5	1	7	7	1	1	1	1	1	1	1	10	1	9	28	1	6	1	1	0	4
NAC	bring your own device	2400	TOFU	https://www.fortinet.com/resources/cyberglossary/byod	1	5	4	1	5	1	5	7	5	7	1	-	5	6	5	9	12	9	9	2	-	1	1	-	-	3	-	-	-	-	-	101	3	27	-24	-26
NAC	access control security	1300	TOFU	https://www.fortinet.com/resources/cyberglossary/access-control	7	8	7	1	7	7	8	5	6	9	26	31	8	10	7	26	10	1	1	1	1	1	-	6	2	-	6	8	8	6	7	4	9	4	5	3
NAC	what is access control	1000	TOFU	https://www.fortinet.com/resources/cyberglossary/access-control	1	1	1	1	1	1	1	1	2	1	1	1	1	3	1	1	1	3	3	1	3	1	1	3	1	1	3	3	3	3	3	3	3	3	0	-2
NAC	nac network	1300	TOFU	https://www.fortinet.com/resources/cyberglossary/what-is-network-access-control	1	1	1	1	1	1	1	1	1	3	1	2	3	1	1	1	3	1	1	1	1	1	1	1	1	1	1	1	1	1	3	3	3	3	0	-2
NAC	access control technologies	880	MOFU		-	95	-	-	-	20	-	-	-	21	36	42	-	-	-	-	-	-	-	23	-	-	-	-	-	-	-	-	-	-	-	-	-	-	#VALUE!	#VALUE!
NAC	internet of things security	880	TOFU	https://www.fortinet.com/resources/cyberglossary/iot-security	1	1	1	1	1	1	1	1	1	3	1	1	1	1	1	1	1	1	1	1	1	1	1	1	1	1	1	1	1	1	1	1	1	1	0	0
NAC	security for iot devices	70	TOFU	https://www.fortinet.com/resources/cyberglossary/iot-security	1	2	2	2	7	3	7	4	2	5	3	4	4	1	4	1	1	1	1	1	1	1	1	1	1	1	1	1	4	1	4	4	1	1	0	0
NAC	iot device security	1000	TOFU	https://www.fortinet.com/resources/cyberglossary/iot-security	2	2	2	2	2	2	2	2	1	1	4	1	1	1	3	1	1	1	1	1	1	5	1	1	1	1	1	1	5	1	3	6	1	1	0	1
NAC	nac security	210	TOFU	https://www.fortinet.com/resources/cyberglossary/what-is-network-access-control	1	1	1	1	1	1	1	2	3	1	1	1	1	1	3	1	1	3	3	1	1	1	1	1	1	1	1	1	1	1	1	2	1	3	-2	-2
NAC	what is an acl networking	210	TOFU	https://www.fortinet.com/resources/cyberglossary/network-access-control-list	2	2	2	1	1	1	1	1	1	1	2	1	1	1	1	1	1	1	2	1	1	1	2	2	1	2	2	1	2	1	1	2	1	1	0	1
NAC	bring your own device policy	720	TOFU	https://www.fortinet.com/resources/cyberglossary/byod	1	1	1	7	1	1	1	1	1	9	1	1	1	1	5	1	1	1	1	10	8	9	9	8	-	7	9	7	1	22	7	7	7	1	6	0
NAC	iot security solutions	1000	BOFU 	https://www.fortinet.com/solutions/enterprise-midsize-business/iot-solution	2	2	2	1	5	1	1	1	1	1	1	21	1	1	2	2	18	1	2	2	2	6	7	6	7	6	7	7	8	7	6	5	1	7	-6	-5
NAC	iot firewall	70	BOFU 	https://www.fortinet.com/solutions/enterprise-midsize-business/iot-solution	1	6	6	8	8	1	9	9	9	11	1	20	5	4	4	1	1	1	1	6	3	3	3	2	1	3	1	1	1	1	4	4	4	5	-1	-4
NAC	acl firewall	110	TOFU	https://www.fortinet.com/resources/cyberglossary/network-access-control-list	1	1	2	1	1	2	2	1	1	2	2	1	1	1	1	1	1	1	1	1	3	3	3	1	1	3	2	1	2	1	1	1	3	1	2	0
NAC	access control definition	320	TOFU	https://www.fortinet.com/resources/cyberglossary/access-control	7	7	1	1	5	7	7	1	1	1	6	1	1	8	1	6	1	4	4	1	6	1	1	1	1	1	4	1	4	3	6	6	5	4	1	3
NAC	nac network access control	110	TOFU	https://www.fortinet.com/resources/cyberglossary/what-is-network-access-control	1	4	1	1	1	1	1	1	1	1	1	1	1	1	1	1	1	1	1	1	1	1	1	1	1	1	1	1	1	1	1	2	1	2	-1	-1
NAC	acl access control lists	10	TOFU	https://www.fortinet.com/resources/cyberglossary/network-access-control-list	1	3	1	1	3	1	1	1	1	1	1	1	1	1	1	1	1	3	1	1	1	1	1	1	1	1	1	2	2	1	2	1	2	1	1	0
NAC	iam definition	260	TOFU	https://www.fortinet.com/resources/cyberglossary/identity-and-access-management	1	1	9	10	22	7	1	6	7	4	6	1	1	1	1	21	7	7	1	6	1	1	1	1	1	1	3	5	1	1	1	1	1	1	0	0
NAC	identity and access management system	720	TOFU		5	4	4	4	4	1	1	4	1	4	1	10	8	6	7	1	7	8	13	5	1	4	1	18	31	16	38	24	36	1	18	1	24	-	#VALUE!	#VALUE!
NAC	acls networking	210	TOFU	https://www.fortinet.com/resources/cyberglossary/network-access-control-list	1	1	1	2	1	1	1	1	2	1	2	2	2	2	1	2	2	1	1	2	1	2	2	2	1	1	1	2	1	2	1	2	2	1	1	0
NAC	nac solutions	390	BOFU 	https://www.fortinet.com/blog/industry-trends/use-cases-for-network-access-control-nac-solutions	1	6	1	1	1	1	1	1	1	1	1	8	1	1	1	1	4	1	1	1	1	1	1	6	1	1	8	1	1	6	1	6	1	1	0	0
NAC	access control list example	140	TOFU	https://www.fortinet.com/resources/cyberglossary/network-access-control-list	-	11	12	16	16	18	1	1	15	6	11	8	13	14	11	21	22	12	12	21	9	8	8	7	6	7	7	7	1	1	7	1	10	10	0	#VALUE!
NAC	what is identity and access management	590	TOFU	https://www.fortinet.com/resources/cyberglossary/identity-and-access-management	9	9	9	10	1	1	1	6	1	5	11	8	6	1	1	1	6	1	1	1	1	13	1	25	35	1	28	-	28	9	21	23	19	18	1	-9
NAC	access control solutions	1900	BOFU 		47	30	39	40	45	46	-	31	31	19	46	70	49	61	9	15	35	23	15	14	-	-	-	-	-	-	-	-	-	-	-	-	-	-	#VALUE!	#VALUE!
NAC	what is network access control	390	TOFU	https://www.fortinet.com/resources/cyberglossary/what-is-network-access-control	1	1	1	1	1	1	1	1	1	1	1	1	1	1	1	3	1	1	1	1	1	2	1	1	1	1	1	1	1	1	1	1	1	1	0	0
NAC	network access control list	480	TOFU	https://www.fortinet.com/resources/cyberglossary/network-access-control-list	1	1	1	1	2	2	2	2	2	1	2	2	1	1	1	1	1	2	2	2	3	1	3	3	3	3	1	3	1	3	1	1	1	3	-2	-2
NAC	access control examples	110	TOFU	https://www.fortinet.com/resources/cyberglossary/access-control	1	1	1	1	1	1	1	1	1	1	1	1	1	1	1	1	1	1	11	1	1	1	1	1	1	1	1	1	1	1	1	1	1	1	0	0
NAC	access control list in networking	140	TOFU	https://www.fortinet.com/resources/cyberglossary/network-access-control-list	2	2	2	1	2	2	1	2	1	1	2	2	1	1	1	1	1	1	2	1	1	2	2	1	1	1	2	1	1	1	1	1	1	2	-1	0
NAC	nac cyber security	390	TOFU	https://www.fortinet.com/resources/cyberglossary/what-is-network-access-control	3	1	1	1	3	1	1	1	1	1	1	1	1	3	1	3	1	1	1	1	1	1	1	1	1	1	1	1	1	2	1	1	2	2	0	1
NAC	iam identity access management	1900	TOFU	https://www.fortinet.com/resources/cyberglossary/identity-and-access-management	7	5	5	6	6	8	8	9	13	1	24	6	6	1	6	21	15	1	18	16	6	7	17	15	7	12	22	9	-	20	10	14	20	9	11	-2
NAC	access control methods	260	TOFU	https://www.fortinet.com/resources/cyberglossary/access-control	1	1	1	4	1	1	1	1	4	1	1	8	1	7	6	1	1	1	1	1	1	2	3	1	1	1	6	6	4	5	4	4	4	6	-2	-5
NAC	access control management	720	TOFU	https://www.fortinet.com/resources/cyberglossary/access-control	24	25	28	33	34	36	15	11	16	22	6	15	1	11	14	26	11	1	1	9	21	23	26	24	28	33	30	33	28	31	10	36	26	28	-2	-4
NAC	nac computer	20	TOFU	https://www.fortinet.com/resources/cyberglossary/what-is-network-access-control	1	2	1	1	3	3	2	8	6	2	1	21	3	1	2	2	3	1	1	1	1	1	1	1	1	1	1	1	1	4	4	4	4	3	1	-2
NAC	nac it	110	TOFU	https://www.fortinet.com/resources/cyberglossary/what-is-network-access-control	1	1	3	1	1	1	2	3	1	1	1	2	1	1	1	1	1	1	1	1	1	1	1	1	1	1	1	2	1	1	1	1	1	1	0	0
NAC	access control in network security	90	TOFU	https://www.fortinet.com/resources/cyberglossary/access-control	1	1	1	1	1	1	3	3	1	1	1	4	3	3	3	1	1	1	1	1	1	3	3	2	3	1	3	1	1	2	3	1	1	1	0	0
NAC	what is nac in networking	390	TOFU	https://www.fortinet.com/resources/cyberglossary/what-is-network-access-control	1	1	1	1	1	1	1	1	1	1	1	2	1	1	1	1	1	1	1	1	1	1	1	1	1	1	1	2	1	2	1	2	1	2	-1	-1
NAC	access control services	720	TOFU	https://www.fortinet.com/resources/cyberglossary/access-control	-	1	-	-	32	45	-	43	56	24	31	67	9	4	14	23	37	1	1	23	4	-	-	4	4	8	8	43	-	1	40	30	8	5	3	#VALUE!
NAC	access control devices	590	BOFU 		-	25	28	30	36	46	-	-	28	35	64	72	-	1	-	-	-	1	-	-	-	-	-	-	-	-	-	-	-	-	-	-	-	-	#VALUE!	#VALUE!
NAC	what is iot security	880	TOFU	https://www.fortinet.com/resources/cyberglossary/iot-security	1	1	1	1	1	2	1	1	1	1	1	1	2	1	2	1	1	2	2	1	1	1	1	1	1	1	1	1	1	1	1	1	1	1	0	0
NAC	iot network security	320	TOFU	https://www.fortinet.com/resources/cyberglossary/iot-security	1	2	1	1	1	1	1	1	1	1	1	1	1	3	1	1	1	1	1	1	1	1	1	1	1	1	1	1	2	2	3	3	1	2	-1	-1
NAC	iot network security	320	TOFU	https://www.fortinet.com/resources/cyberglossary/iot-security	1	2	1	1	1	1	1	1	1	1	1	1	1	3	1	1	1	1	1	1	1	1	1	1	1	1	1	1	2	2	3	3	1	2	-1	-1
NAC	network access control solutions	1000	TOFU	https://www.fortinet.com/resources/cyberglossary/what-is-network-access-control	5	5	1	1	1	1	1	1	1	1	1	2	1	1	4	1	1	1	1	1	4	1	1	1	1	1	4	1	1	1	1	1	1	1	0	4
NAC	access control meaning	260	TOFU	https://www.fortinet.com/resources/cyberglossary/access-control	6	2	1	1	5	5	1	1	1	1	3	1	1	5	1	1	1	4	4	1	5	1	1	1	1	1	3	3	3	3	3	4	3	3	0	3
NAC	how to secure iot devices	170	TOFU	https://www.fortinet.com/resources/cyberglossary/iot-best-practices	6	7	5	5	5	5	7	6	6	1	5	2	5	4	7	4	4	1	1	1	1	4	1	4	4	1	1	4	4	4	4	4	4	5	-1	1
NAC	nac technology	110	TOFU	https://www.fortinet.com/resources/cyberglossary/what-is-network-access-control	4	1	1	1	4	4	1	2	1	1	1	3	1	1	1	1	1	4	1	1	1	1	1	1	1	1	4	4	1	1	4	1	1	1	0	3
NAC	nac server	20	TOFU	https://www.fortinet.com/resources/cyberglossary/what-is-network-access-control	3	1	1	1	1	1	3	1	1	1	1	1	1	1	1	1	1	1	1	1	2	1	1	1	1	1	1	1	3	3	1	1	3	3	0	0
NAC	nac tools	50	TOFU	https://www.fortinet.com/resources/cyberglossary/what-is-network-access-control	1	10	1	1	8	8	1	4	8	1	3	1	1	1	1	1	1	1	7	1	1	5	5	5	1	1	1	1	1	1	1	1	4	4	0	-3
NAC	network access control products	40	BOFU 	https://www.fortinet.com/products/network-access-control	7	6	1	7	6	6	6	6	6	1	5	3	1	1	1	1	1	5	1	1	4	1	1	3	1	1	1	1	1	1	1	1	3	1	2	6
NAC	network access control system	210	TOFU	https://www.fortinet.com/resources/cyberglossary/what-is-network-access-control	1	2	1	1	1	1	1	1	1	1	2	3	1	1	1	1	1	1	3	1	1	3	1	1	1	1	1	1	1	1	3	1	2	2	0	-1
NAC	nac network security	140	TOFU	https://www.fortinet.com/resources/cyberglossary/what-is-network-access-control	1	3	1	1	1	1	3	1	1	1	1	1	1	1	1	1	1	1	1	1	1	2	1	2	1	1	1	1	1	1	1	1	1	1	0	0
NAC	types of access control list	50	TOFU	https://www.fortinet.com/resources/cyberglossary/network-access-control-list	17	52	17	21	21	22	53	10	23	4	6	7	9	20	20	27	36	37	38	17	11	10	14	16	15	10	10	10	1	1	1	9	18	9	9	8
NAC	nac service	40	BOFU 		4	4	25	36	40	43	-	-	1	-	1	1	1	-	-	-	-	-	-	1	1	-	1	-	1	-	-	-	-	-	-	-	-	-	#VALUE!	#VALUE!
NAC	acls security	110	TOFU	https://www.fortinet.com/resources/cyberglossary/network-access-control-list	1	1	1	1	1	1	3	1	1	1	1	4	3	1	1	1	1	1	1	2	4	1	1	1	5	3	3	3	3	3	4	3	1	1	0	0
NAC	network access control software	320	TOFU	https://www.fortinet.com/resources/cyberglossary/what-is-network-access-control	8	8	7	8	8	8	7	1	8	8	1	2	9	8	7	5	11	1	1	9	4	6	1	5	1	1	1	4	1	3	3	4	3	2	1	6
NAC	network access control policy	40	TOFU	https://www.fortinet.com/resources/cyberglossary/what-is-network-access-control	1	1	1	1	1	1	1	2	1	1	1	1	1	1	1	1	1	2	1	1	1	1	2	1	1	1	1	1	1	1	2	1	2	1	1	0
NAC	network access control device	50	TOFU	https://www.fortinet.com/resources/cyberglossary/what-is-network-access-control	1	2	1	3	1	1	1	1	1	3	1	1	3	3	1	1	1	3	3	1	1	2	1	2	1	1	1	1	1	1	2	1	1	2	-1	-1
NAC	what is iam security	50	TOFU	https://www.fortinet.com/resources/cyberglossary/identity-and-access-management	1	1	1	1	1	1	1	1	1	1	1	1	1	1	1	1	1	1	1	1	1	3	1	1	1	1	1	1	5	1	1	1	2	3	-1	-2
NAC	network access control benefits	50	TOFU	https://www.fortinet.com/resources/cyberglossary/what-is-network-access-control	1	1	1	1	1	1	1	1	1	5	3	1	1	2	1	1	1	1	2	1	1	2	1	1	1	1	2	1	1	1	2	1	1	1	0	0
NAC	what is nac security	30	TOFU	https://www.fortinet.com/resources/cyberglossary/what-is-network-access-control	1	1	1	1	1	1	3	1	1	1	2	2	1	1	1	1	1	1	1	1	1	1	1	1	1	1	1	1	3	3	1	1	1	1	0	0
NAC	network access control methods	20	TOFU	https://www.fortinet.com/resources/cyberglossary/what-is-network-access-control	1	1	1	1	1	1	1	1	1	2	1	1	2	2	1	1	1	1	1	2	2	1	1	1	1	1	1	1	2	3	2	1	1	2	-1	-1
NAC	security on iot devices	30	TOFU	https://www.fortinet.com/resources/cyberglossary/iot-security	1	2	2	2	2	2	1	1	1	1	1	1	1	1	2	1	1	1	1	1	4	1	1	1	2	1	1	1	1	1	4	4	1	1	0	0
NAC	cyber security iot devices	30	TOFU	https://www.fortinet.com/resources/cyberglossary/iot-security	1	1	1	1	22	22	10	1	10	1	1	1	1	1	4	1	6	1	5	1	9	9	1	1	1	1	1	1	6	4	4	4	1	1	0	0
NAC	cyber security in iot devices	50	TOFU	https://www.fortinet.com/resources/cyberglossary/iot-security	1	1	1	1	9	9	1	1	10	1	1	1	1	1	1	1	1	10	7	1	1	1	1	1	1	1	1	1	8	3	4	8	3	1	2	0
NAC	network access control technologies	20	TOFU	https://www.fortinet.com/resources/cyberglossary/what-is-network-access-control	3	1	3	3	1	3	1	1	1	4	1	2	3	1	3	1	1	1	1	3	1	2	1	1	1	1	1	1	1	1	1	1	1	1	0	2
NAC	nac network access	210	TOFU	https://www.fortinet.com/resources/cyberglossary/what-is-network-access-control	1	1	1	1	1	1	1	1	1	1	1	1	1	1	1	3	1	1	1	1	1	1	1	1	1	1	1	1	1	1	1	2	1	3	-2	-2
NAC	access control methods in computer networks	20	TOFU	https://www.fortinet.com/resources/cyberglossary/access-control	2	2	1	1	3	1	2	3	2	3	1	1	3	1	1	1	2	2	1	1	1	5	4	3	2	2	1	1	4	3	7	6	3	4	-1	-2
NAC	benefits of access control list	40	TOFU	https://www.fortinet.com/resources/cyberglossary/network-access-control-list	-	4	4	19	4	1	3	20	4	10	6	4	15	8	1	10	14	7	7	1	1	4	5	1	1	1	1	3	1	3	4	3	1	1	0	#VALUE!
NAC	nac security solution	30	TOFU	https://www.fortinet.com/resources/cyberglossary/what-is-network-access-control	1	3	6	5	4	1	3	1	1	1	1	1	1	1	1	1	1	1	1	1	1	1	1	1	1	1	4	5	1	3	4	4	3	3	0	-2
NAC	nac computer security	20	TOFU	https://www.fortinet.com/resources/cyberglossary/what-is-network-access-control	1	1	1	1	3	3	3	1	1	1	1	3	3	1	1	1	1	3	1	1	1	2	1	1	1	1	1	1	1	1	1	1	1	2	-1	-1
NAC	nac network access control products	20	BOFU 	https://www.fortinet.com/products/network-access-control	6	5	7	6	6	6	6	6	7	1	1	1	1	1	1	1	1	4	1	1	2	1	1	2	1	1	1	1	1	1	1	3	2	1	1	5
NAC	how to secure iot network	20	TOFU	https://www.fortinet.com/resources/cyberglossary/iot-best-practices	1	6	1	1	1	1	5	1	1	1	1	1	6	1	1	1	1	1	1	1	1	2	1	1	1	1	2	2	2	2	3	2	1	1	0	0
NGFW	network firewalls	720	TOFU	https://www.fortinet.com/resources/cyberglossary/firewall	8	6	1	7	6	6	6	1	5	1	6	1	4	1	1	1	1	1	1	1	1	1	5	3	4	9	3	1	1	1	1	1	1	1	0	7
NGFW	small business firewall	720	BOFU 	https://www.fortinet.com/solutions/small-business/firewall	2	4	2	3	2	2	1	6	2	1	2	4	1	1	1	1	1	2	1	2	1	1	2	2	2	3	2	2	1	1	1	4	1	1	0	1
NGFW	business firewall	320	BOFU 	https://www.fortinet.com/solutions/small-business/firewall	2	2	1	3	4	2	2	1	2	1	2	3	1	1	1	1	1	1	1	1	1	3	1	1	1	1	3	4	5	4	1	1	4	2	2	0
NGFW	business firewall solutions	50	BOFU 	https://www.fortinet.com/solutions/small-business/firewall	3	3	3	1	3	3	3	1	1	2	3	2	1	1	2	1	2	1	1	1	1	1	4	1	4	1	1	1	1	3	4	4	4	4	0	-1
NGFW	enterprise grade firewall	30	BOFU 	https://www.fortinet.com/solutions/small-business/firewall	1	1	1	11	1	1	11	3	10	8	8	9	1	8	8	1	1	6	5	5	8	7	1	1	26	7	7	7	1	1	1	1	1	18	-17	-17
NGFW	advantages to next generation firewalls	30	MOFU	https://www.fortinet.com/blog/business-and-technology/redefining-next-generation-firewalls	25	19	28	18	24	23	26	18	15	1	1	1	5	5	23	1	1	17	3	5	1	9	7	1	1	1	1	1	1	8	9	10	9	8	1	17
NGFW	stateful firewall	1300	TOFU	https://www.fortinet.com/resources/cyberglossary/stateful-vs-stateless-firewall	1	1	1	1	1	2	1	1	2	1	2	1	1	1	2	1	1	1	1	1	1	2	2	1	1	2	2	1	2	1	1	1	1	1	0	0
NGFW	firewall	27100	TOFU	https://www.fortinet.com/resources/cyberglossary/firewall	5	3	3	1	1	1	1	1	3	1	1	1	2	1	1	1	1	1	1	1	1	1	1	1	1	1	1	1	1	1	1	1	1	1	0	4
NGFW	firewalls	5400	TOFU	https://www.fortinet.com/resources/cyberglossary/firewall	1	3	1	1	1	1	4	1	1	1	4	1	1	1	1	1	1	1	1	1	1	1	1	1	1	1	1	1	1	1	1	1	1	1	0	0
NGFW	what is a firewall	135000	TOFU	https://www.fortinet.com/resources/cyberglossary/firewall	1	1	1	1	1	1	1	1	1	1	1	1	1	3	3	1	1	1	1	1	1	1	1	1	1	1	1	1	1	1	1	1	1	1	0	0
NGFW	network firewall	3600	TOFU	https://www.fortinet.com/resources/cyberglossary/firewall	1	1	1	8	5	5	7	1	6	1	6	6	5	9	1	1	1	1	1	1	1	1	18	20	21	19	18	1	1	1	1	1	1	1	0	0
NGFW	network firewall security	4400	TOFU	https://www.fortinet.com/resources/cyberglossary/firewall	1	4	4	7	8	7	7	1	6	5	6	5	1	1	1	1	10	8	6	11	1	16	22	13	1	12	14	1	1	1	1	11	1	1	0	0
NGFW	network security firewall	2400	TOFU	https://www.fortinet.com/resources/cyberglossary/firewall	2	1	1	1	3	1	3	1	3	1	1	4	1	1	2	1	1	5	3	1	1	1	1	1	6	6	7	1	1	1	1	6	1	1	0	1
NGFW	network security firewall	2400	TOFU	https://www.fortinet.com/resources/cyberglossary/firewall	2	1	1	1	3	1	3	1	3	1	1	4	1	1	2	1	1	5	3	1	1	1	1	1	6	6	7	1	1	1	1	6	1	1	0	1
NGFW	firewall defined	40	TOFU	https://www.fortinet.com/resources/cyberglossary/firewall	1	1	1	1	1	2	1	1	1	1	1	2	1	2	1	1	1	1	1	1	1	2	1	1	1	1	1	1	1	1	1	1	1	1	0	0
NGFW	security firewall	390	TOFU	https://www.fortinet.com/resources/cyberglossary/firewall	1	2	2	1	1	1	2	2	1	1	1	1	2	2	1	1	1	2	3	1	1	19	1	1	1	1	1	1	1	1	1	1	1	1	0	0
NGFW	security firewall	390	TOFU	https://www.fortinet.com/resources/cyberglossary/firewall	1	2	2	1	1	1	2	2	1	1	1	1	2	2	1	1	1	2	3	1	1	19	1	1	1	1	1	1	1	1	1	1	1	1	0	0
NGFW	ngfw	4400	BOFU 	https://www.fortinet.com/fr/resources/cyberglossary/next-generation-firewall	1	1	1	1	4	4	1	1	1	1	1	4	1	1	1	1	1	1	1	1	1	1	1	1	1	1	1	1	1	1	3	4	1	1	0	0
NGFW	next generation firewall	2400	BOFU 	https://www.fortinet.com/products/next-generation-firewall	6	6	5	5	5	5	1	1	4	5	1	1	6	1	1	4	1	1	1	1	4	4	1	1	1	1	1	5	5	5	1	5	1	1	0	5
NGFW	firewall next generation	720	BOFU 	https://www.fortinet.com/products/next-generation-firewall	4	1	5	1	4	5	4	1	1	9	1	1	5	1	1	4	1	1	1	1	4	1	1	1	1	1	1	5	5	5	1	1	1	1	0	3
NGFW	web application firewall	9900	TOFU	https://www.fortinet.com/resources/cyberglossary/waf-vs-firewall	8	7	7	8	7	1	9	1	1	1	1	1	1	1	1	1	1	5	1	1	1	1	1	1	1	1	1	1	1	1	1	1	1	1	0	7
NGFW	hardware firewall	4400	TOFU	https://www.fortinet.com/resources/cyberglossary/hardware-firewalls-better-than-software	1	1	1	1	1	5	1	1	1	1	2	1	1	1	1	1	1	1	1	1	1	1	7	1	1	1	1	1	1	1	1	1	1	3	-2	-2
NGFW	types of firewall	720	TOFU	https://www.fortinet.com/resources/cyberglossary/firewall	1	1	1	1	3	1	1	1	1	9	19	1	4	1	1	1	1	8	1	7	10	7	8	8	19	11	7	1	5	7	7	7	10	1	9	0
NGFW	what is waf	1300	TOFU	https://www.fortinet.com/resources/cyberglossary/waf	1	1	1	1	1	1	9	1	1	1	6	1	6	1	1	9	7	1	1	1	1	1	5	1	1	1	1	1	1	1	4	1	1	1	0	0
NGFW	waf meaning	1000	TOFU	https://www.fortinet.com/resources/cyberglossary/waf	1	1	7	1	1	1	1	1	1	1	1	1	1	1	1	9	7	7	1	1	1	1	1	1	1	1	1	1	1	1	1	1	1	1	0	0
NGFW	waf security	1300	TOFU	https://www.fortinet.com/resources/cyberglossary/waf-vs-firewall	1	12	1	1	9	8	6	1	1	1	1	1	1	1	1	1	1	1	1	7	1	6	1	1	1	1	1	1	1	1	1	10	1	1	0	0
NGFW	what does a firewall do	1600	TOFU	https://www.fortinet.com/resources/cyberglossary/what-does-a-firewall-do	1	1	1	1	2	1	2	1	2	1	1	1	1	1	1	1	1	1	2	1	1	1	1	1	1	1	2	2	2	2	1	1	1	1	0	0
NGFW	stateful vs stateless firewall	1000	TOFU	https://www.fortinet.com/resources/cyberglossary/stateful-vs-stateless-firewall	2	1	2	2	2	1	1	1	1	1	1	1	2	1	1	1	1	1	2	1	1	1	1	3	1	1	1	1	2	1	1	2	1	2	-1	0
NGFW	how does a firewall work	590	TOFU	https://www.fortinet.com/resources/cyberglossary/how-does-a-firewall-work	1	1	1	1	1	1	1	1	1	1	1	1	1	1	1	1	1	1	1	1	2	1	1	1	1	1	1	1	2	1	1	1	1	1	0	0
NGFW	firewall settings	1900	TOFU	https://www.fortinet.com/resources/cyberglossary/firewall-configuration	3	5	4	4	4	4	4	1	3	1	3	1	4	3	4	3	1	3	1	1	1	4	1	4	4	4	3	4	1	5	4	4	4	4	0	-1
NGFW	next gen firewall	2400	BOFU 	https://www.fortinet.com/products/next-generation-firewall	5	1	5	5	4	5	4	1	1	4	1	1	5	1	1	5	1	1	1	1	1	1	1	1	1	1	1	6	5	23	1	6	1	1	0	4
NGFW	utm firewall	590	TOFU	https://www.fortinet.com/resources/cyberglossary/unified-threat-management	2	2	2	2	1	1	2	1	1	1	1	3	2	1	1	1	1	8	1	1	1	1	1	1	1	4	2	1	1	1	1	1	2	3	-1	-1
NGFW	waf firewall	480	TOFU	https://www.fortinet.com/resources/cyberglossary/waf-vs-firewall	1	1	1	6	19	7	1	7	1	1	1	5	1	5	1	1	1	1	1	1	1	5	1	1	1	1	1	6	1	1	1	1	1	1	0	0
NGFW	stateless firewall	320	TOFU	https://www.fortinet.com/resources/cyberglossary/stateful-vs-stateless-firewall	1	1	1	2	2	2	2	2	2	2	2	1	2	1	1	1	1	1	1	2	1	2	2	1	1	1	1	1	2	1	1	1	1	2	-1	-1
NGFW	firewall configuration	5400	TOFU	https://www.fortinet.com/resources/cyberglossary/firewall-configuration	1	1	1	1	1	1	1	2	1	1	1	2	1	1	1	1	1	1	1	1	1	1	1	1	1	1	1	1	1	1	1	1	1	1	0	0
NGFW	proxy firewall	590	TOFU	https://www.fortinet.com/resources/cyberglossary/proxy-firewall	1	1	1	1	1	1	1	1	1	1	1	1	1	1	1	1	1	1	1	1	1	1	1	1	1	1	1	1	1	2	1	1	1	1	0	0
NGFW	stateful inspection firewall	1000	TOFU	https://www.fortinet.com/resources/cyberglossary/stateful-firewall	1	3	3	3	3	1	3	1	1	1	1	1	1	1	1	1	3	1	1	1	1	3	1	1	1	1	3	3	1	1	1	3	3	3	0	-2
NGFW	what is firewall in networking	260	TOFU	https://www.fortinet.com/resources/cyberglossary/firewall	1	1	1	1	1	1	1	1	1	1	1	1	2	1	1	3	1	1	1	1	1	1	1	1	1	1	1	1	1	1	1	1	1	1	0	0
NGFW	what is a network firewall	320	TOFU	https://www.fortinet.com/resources/cyberglossary/firewall	1	1	1	1	1	1	1	1	1	1	1	1	1	1	1	5	1	1	1	1	1	4	1	1	1	1	1	1	1	1	1	1	1	1	0	0
NGFW	configuration of firewall	40	TOFU	https://www.fortinet.com/resources/cyberglossary/firewall-configuration	1	1	1	1	2	2	1	1	1	1	1	1	1	1	2	1	1	1	1	1	1	1	1	1	1	1	1	1	1	1	1	1	1	1	0	0
NGFW	layer 7 firewall	390	TOFU	https://community.fortinet.com/support-forum-92/fortigate-can-work-with-layer-7-layer-application-151821	10	20	18	22	24	25	17	15	18	30	17	33	18	25	28	32	27	31	30	35	31	32	37	19	20	21	26	25	22	1	43	23	23	22	1	-12
NGFW	stateless vs stateful firewall	720	TOFU	https://www.fortinet.com/resources/cyberglossary/stateful-vs-stateless-firewall	1	2	1	1	1	1	2	1	1	1	1	1	2	2	2	1	1	1	2	1	1	1	1	1	1	1	1	1	2	1	1	2	1	2	-1	-1
NGFW	how firewall works	210	TOFU	https://www.fortinet.com/resources/cyberglossary/how-does-a-firewall-work	1	1	1	1	1	2	1	1	1	1	1	1	1	2	1	1	1	1	1	1	1	1	1	1	1	1	1	1	2	1	1	1	1	1	0	0
NGFW	how firewalls work	90	TOFU	https://www.fortinet.com/resources/cyberglossary/how-does-a-firewall-work	1	1	1	1	2	2	1	1	1	1	1	1	1	1	1	1	1	2	1	1	1	1	1	1	1	1	1	1	2	1	1	1	1	1	0	0
NGFW	firewall as a service	1000	TOFU	https://www.fortinet.com/resources/cyberglossary/firewall-as-a-service-fwaas	1	1	1	1	1	1	1	1	1	1	1	1	1	1	1	1	2	2	1	1	1	1	1	1	1	1	1	1	1	1	1	1	1	1	0	0
NGFW	physical firewall	260	TOFU	https://www.fortinet.com/resources/cyberglossary/hardware-firewalls-better-than-software	1	1	1	1	1	1	1	1	1	1	1	3	1	1	1	1	1	1	1	1	1	8	1	1	1	1	1	1	1	1	1	1	1	1	0	0
NGFW	firewall as a service providers	210	TOFU	https://www.fortinet.com/resources/cyberglossary/firewall-as-a-service-fwaas	3	3	2	3	1	1	1	3	2	2	1	1	1	1	1	2	2	1	1	1	1	1	1	1	2	1	1	2	1	1	2	1	1	1	0	2
NGFW	enterprise firewall	320	BOFU 	https://www.fortinet.com/blog/business-and-technology/fortigate-3000f-secures-digital-acceleration-for-hybrid-it	8	8	1	9	9	8	1	8	9	7	1	1	1	7	6	1	4	1	1	3	1	1	4	1	7	1	3	5	1	1	4	1	7	1	6	7
NGFW	network based firewall	390	TOFU	https://www.fortinet.com/resources/cyberglossary/firewall	1	6	6	5	7	5	6	1	6	1	6	1	9	1	1	1	1	7	1	7	6	6	6	7	8	1	1	11	12	13	11	6	6	9	-3	-8
NGFW	what is next generation firewall	170	TOFU	https://www.fortinet.com/blog/business-and-technology/redefining-next-generation-firewalls	32	5	5	1	5	5	5	1	5	5	6	1	5	5	5	1	1	1	1	1	1	5	1	1	1	1	1	1	1	1	1	1	1	1	0	31
NGFW	waf vs firewall	320	TOFU	https://www.fortinet.com/resources/cyberglossary/waf-vs-firewall	1	1	1	1	1	1	2	1	2	1	1	1	1	1	1	2	1	1	1	1	1	1	1	1	1	1	1	1	1	2	2	1	1	1	0	0
NGFW	how to setup a firewall	140	TOFU	https://www.fortinet.com/resources/cyberglossary/firewall-configuration	1	1	1	1	1	1	1	1	1	1	1	1	1	1	1	1	1	3	3	1	1	1	1	3	3	1	3	1	1	1	1	1	1	1	0	0
NGFW	what is a stateful firewall	260	TOFU	https://www.fortinet.com/resources/cyberglossary/stateful-firewall	1	1	1	1	1	1	2	1	1	1	1	1	1	2	1	1	1	1	1	1	1	1	1	1	1	1	1	1	2	1	1	2	1	1	0	0
NGFW	stateful firewall vs stateless firewall	590	TOFU	https://www.fortinet.com/resources/cyberglossary/stateful-vs-stateless-firewall	1	1	1	1	1	2	2	1	1	1	1	1	2	1	2	1	1	1	2	1	1	1	1	1	1	1	1	1	2	1	1	2	1	2	-1	-1
NGFW	perimeter firewall	210	TOFU	https://www.fortinet.com/resources/cyberglossary/perimeter-firewall	1	1	1	1	1	2	1	1	1	1	3	2	1	1	1	1	1	1	1	1	1	1	1	1	1	1	1	1	1	1	1	1	1	1	0	0
NGFW	firewall price	170	BOFU 	https://www.fortinet.com/products/network-firewall-pricing	1	1	3	1	1	1	1	1	1	4	1	1	1	1	1	1	1	1	1	1	1	1	1	1	1	1	1	1	2	1	1	2	1	2	-1	-1
NGFW	hardware vs software firewall	170	TOFU	https://www.fortinet.com/resources/cyberglossary/hardware-firewalls-better-than-software	1	1	3	1	1	1	1	1	1	1	1	5	1	1	1	1	1	1	1	1	1	1	1	1	1	1	1	1	1	1	4	4	4	1	3	0
NGFW	firewall cost	90	BOFU 	https://www.fortinet.com/products/network-firewall-pricing	1	1	1	1	1	1	3	1	1	1	3	1	1	1	1	1	1	1	1	4	1	2	1	1	1	1	1	1	1	1	1	2	1	1	0	0
NGFW	software firewall vs hardware firewall	70	TOFU	https://www.fortinet.com/resources/cyberglossary/hardware-firewalls-better-than-software	1	1	1	1	1	1	1	1	5	1	1	1	1	1	1	1	1	1	1	1	5	1	1	1	1	1	1	1	1	1	4	4	4	1	3	0
NGFW	hardware firewall vs software firewall	140	TOFU	https://www.fortinet.com/resources/cyberglossary/hardware-firewalls-better-than-software	1	1	1	1	1	1	1	1	1	1	1	1	1	1	1	1	1	1	1	1	1	1	1	1	1	1	1	1	1	1	4	4	4	1	3	0
NGFW	firewall setup	170	TOFU	https://www.fortinet.com/resources/cyberglossary/firewall-configuration	1	1	1	3	2	2	1	1	1	1	1	1	1	1	1	1	1	1	2	1	1	1	1	1	3	1	2	1	1	1	1	1	1	1	0	0
NGFW	proxy server firewall	140	TOFU	https://www.fortinet.com/resources/cyberglossary/proxy-firewall	1	1	1	1	1	1	1	1	1	1	1	1	1	1	1	1	1	1	1	1	1	1	1	1	1	1	1	1	2	1	2	1	1	1	0	0
NGFW	benefits of firewall	140	TOFU	https://www.fortinet.com/resources/cyberglossary/firewall	1	1	1	1	1	1	1	1	1	1	1	1	1	2	1	1	1	1	1	1	1	1	1	1	1	1	1	1	2	2	2	2	2	1	1	0
NGFW	transparent firewalls	20	TOFU	https://www.fortinet.com/resources/cyberglossary/transparent-firewall	1	1	1	1	1	1	1	1	1	1	1	1	1	1	1	1	1	1	1	1	1	1	1	1	1	1	1	1	1	1	1	1	1	1	0	0
NGFW	firewalls explained	480	TOFU	https://www.fortinet.com/resources/cyberglossary/firewall	1	1	1	1	1	1	1	3	1	1	1	1	1	1	1	1	1	1	1	1	2	1	1	1	1	1	1	1	1	1	1	1	1	1	0	0
NGFW	what is next generation firewalls	40	TOFU	https://www.fortinet.com/blog/business-and-technology/redefining-next-generation-firewalls	5	5	1	1	1	1	5	6	5	7	7	1	5	5	7	1	1	1	1	1	1	5	1	1	1	1	1	1	1	1	1	1	1	1	0	4
NGFW	what is utm firewall	50	TOFU	https://www.fortinet.com/resources/cyberglossary/unified-threat-management	1	1	1	1	1	1	1	1	1	1	1	1	1	1	2	2	1	2	1	1	1	1	1	1	1	1	1	1	1	2	2	2	2	2	0	-1
NGFW	layer 3 firewall	70	BOFU 		32	28	16	21	22	24	21	28	16	15	26	10	-	25	22	25	4	24	29	1	-	-	-	-	-	-	-	-	-	-	-	-	-	-	#VALUE!	#VALUE!
NGFW	distributed firewall	70	TOFU	https://www.fortinet.com/resources/cyberglossary/distributed-firewall	1	3	1	1	1	1	1	1	1	1	1	3	1	1	1	1	1	1	1	1	1	1	1	1	1	1	1	3	1	8	8	1	1	1	0	0
NGFW	network firewall security price	70	BOFU 	https://www.fortinet.com/products/network-firewall-pricing	1	1	1	1	1	1	1	1	1	1	1	1	1	1	1	1	1	1	1	1	1	1	1	1	1	1	1	1	1	1	1	1	1	1	0	0
NGFW	network firewall price	90	BOFU 	https://www.fortinet.com/products/network-firewall-pricing	2	1	1	2	3	3	2	1	2	1	2	4	2	2	1	1	1	2	2	1	2	1	1	2	3	1	2	1	1	1	1	1	1	2	-1	0
NGFW	application proxy firewall	30	TOFU	https://www.fortinet.com/resources/cyberglossary/proxy-firewall	2	1	1	1	1	1	1	1	1	1	1	3	1	1	1	1	1	1	1	1	2	1	1	1	1	1	1	1	1	1	2	1	1	1	0	1
NGFW	layer 2 firewall	20	TOFU	https://www.fortinet.com/resources/cyberglossary/transparent-firewall	1	1	1	1	1	1	1	1	1	1	1	1	1	1	1	1	1	1	1	1	1	3	1	1	1	1	1	1	1	1	1	1	1	1	0	0
NGFW	cheap firewall	20	BOFU 	https://www.fortinet.com/products/network-firewall-pricing	29	8	9	9	10	19	10	20	8	6	4	4	6	8	10	16	8	17	16	11	14	10	14	12	13	15	11	16	16	1	12	19	10	9	1	20
NGFW	network firewall definition	20	TOFU	https://www.fortinet.com/resources/cyberglossary/firewall	1	1	1	1	1	4	4	1	1	1	1	1	1	1	4	1	1	1	1	1	1	1	1	1	1	1	1	1	1	1	1	1	2	1	1	0
NGFW	firewall vs utm	50	TOFU	https://www.fortinet.com/resources/cyberglossary/ngfw-vs-utm	1	1	1	1	1	1	2	1	1	1	1	1	1	1	1	1	1	1	1	1	1	1	1	1	1	1	1	1	1	1	1	1	1	1	0	0
NGFW	utm vs firewall	110	TOFU	https://www.fortinet.com/resources/cyberglossary/ngfw-vs-utm	1	1	1	1	2	1	1	1	1	1	1	1	2	1	1	1	1	1	1	1	1	2	1	1	1	1	1	1	1	1	1	1	1	1	0	0
NGFW	what is proxy firewall	70	TOFU	https://www.fortinet.com/resources/cyberglossary/proxy-firewall	1	1	1	1	1	2	2	1	1	1	1	1	1	2	1	1	1	1	1	1	1	2	1	1	1	1	1	1	1	1	1	2	1	1	0	0
NGFW	border firewall	50	TOFU	https://www.fortinet.com/resources/cyberglossary/perimeter-firewall	1	1	1	1	1	1	1	4	3	1	1	2	2	1	1	1	1	1	1	1	1	1	1	1	1	1	1	1	1	1	1	2	1	2	-1	-1
NGFW	firewall security price	30	BOFU 	https://www.fortinet.com/products/network-firewall-pricing	1	1	1	1	1	2	2	1	1	1	1	1	1	1	1	1	1	1	1	1	1	1	1	1	1	1	1	1	1	1	1	2	1	1	0	0
NGFW	cloud firewall service	210	TOFU	https://www.fortinet.com/resources/cyberglossary/firewall-as-a-service-fwaas	2	2	2	3	3	4	1	1	1	1	1	2	4	1	1	1	1	1	4	1	1	1	1	1	1	1	1	1	1	2	1	1	1	1	0	1
NGFW	ngfw networking	30	TOFU	https://www.fortinet.com/blog/business-and-technology/redefining-next-generation-firewalls	4	4	4	4	4	4	1	1	1	1	1	1	5	21	1	1	1	1	1	1	11	1	1	1	1	10	1	1	1	1	1	1	1	1	0	3
NGFW	ngfw network	30	TOFU	https://www.fortinet.com/lat/resources/cyberglossary/next-generation-firewall	4	3	4	4	3	3	1	1	1	1	1	1	4	4	1	1	1	1	1	1	4	1	1	1	1	4	1	1	1	1	1	3	1	1	0	3
NGFW	next generation firewall ngfw	390	TOFU	https://www.fortinet.com/blog/business-and-technology/redefining-next-generation-firewalls	5	5	5	5	1	5	5	4	4	1	1	1	1	1	4	1	1	1	4	1	1	1	1	1	1	1	1	1	1	1	1	4	1	1	0	4
NGFW	what is enterprise firewall	30	MOFU	https://www.fortinet.com/resources/cyberglossary/firewall	31	14	15	15	1	1	1	1	1	1	22	6	14	13	10	1	1	1	13	13	9	9	1	1	1	1	1	10	9	6	7	7	23	9	14	22
NGFW	working of firewall	30	TOFU	https://www.fortinet.com/resources/cyberglossary/how-does-a-firewall-work	1	1	1	1	2	2	1	1	1	1	1	1	1	1	1	1	1	1	1	1	1	1	1	1	1	1	1	1	2	1	1	1	1	1	0	0
NGFW	how firewall works in network	20	TOFU	https://www.fortinet.com/resources/cyberglossary/how-does-a-firewall-work	1	1	1	1	1	1	2	1	1	1	1	1	1	1	1	1	1	1	1	1	1	2	1	1	1	1	1	1	1	1	1	1	1	1	0	0
NGFW	how network firewall works	40	TOFU	https://www.fortinet.com/resources/cyberglossary/how-does-a-firewall-work	1	1	1	1	1	2	1	3	1	1	1	1	1	1	1	1	1	2	1	1	1	2	1	1	1	1	1	1	1	2	1	1	2	2	0	-1
NGFW	transparent mode firewall	20	TOFU	https://www.fortinet.com/resources/cyberglossary/transparent-firewall	1	1	1	1	1	1	1	1	1	1	1	1	1	1	1	1	1	2	1	1	1	1	1	1	1	1	1	1	1	1	2	1	1	1	0	0
NGFW	firewall transparent mode	20	TOFU	https://www.fortinet.com/resources/cyberglossary/transparent-firewall	1	1	1	1	1	1	1	1	1	1	1	2	1	1	1	1	1	1	1	1	1	2	1	1	1	1	1	1	1	2	2	1	1	1	0	0
NGFW	nexgen firewall	30	BOFU 	https://www.fortinet.com/products/next-generation-firewall	5	1	6	1	6	5	5	1	1	4	1	4	5	1	1	5	1	1	1	1	1	1	1	1	1	1	1	3	3	3	1	3	1	1	0	4
NGFW	ngfw magic quadrant	20	MOFU	https://www.fortinet.com/blog/business-and-technology/fortinet-named-a-leader-in-gartner-mq-for-network-firewalls-2022	1	1	1	1	1	1	1	1	1	1	1	1	1	1	1	1	1	1	1	1	1	1	1	1	1	1	2	3	1	2	1	1	1	1	0	0
NGFW	firewall vs waf	90	TOFU	https://www.fortinet.com/resources/cyberglossary/waf-vs-firewall	1	1	1	1	2	2	1	1	2	1	1	1	1	1	1	2	1	1	1	1	2	1	1	1	1	1	1	1	1	2	2	1	1	1	0	0
NGFW	ngfw throughput	30	MOFU	https://community.fortinet.com/fortigate-3/technical-tip-fortigate-l3-routing-and-ngfw-throughput-172678	1	1	1	1	1	1	1	1	1	1	2	2	3	3	2	1	1	4	6	1	1	2	1	1	1	1	1	1	1	1	2	1	1	1	0	0
NGFW	benefits of firewall security	50	TOFU	https://www.fortinet.com/resources/cyberglossary/benefits-of-firewall	1	1	1	1	2	2	2	2	2	1	1	3	1	1	1	1	1	1	1	1	3	3	1	1	1	1	1	1	1	3	3	3	1	3	-2	-2
NGFW	firewall price comparison	30	BOFU 	https://www.fortinet.com/products/network-firewall-pricing	1	2	1	1	1	1	1	3	1	2	1	1	1	3	1	1	1	1	1	2	2	1	2	1	1	2	2	2	3	4	5	1	1	2	-1	-1
NGFW	ngfw definition	40	TOFU	https://www.fortinet.com/blog/business-and-technology/redefining-next-generation-firewalls	1	1	1	1	14	8	1	7	8	1	1	9	1	1	10	1	6	1	1	1	1	1	7	1	1	1	1	1	9	-	1	1	8	9	-1	-8
NGFW	how hardware firewall works	30	TOFU	https://www.fortinet.com/resources/cyberglossary/hardware-firewalls-better-than-software	1	1	1	1	1	2	2	1	1	1	1	1	1	1	1	1	1	1	1	1	1	1	1	1	1	1	1	1	1	1	1	1	1	1	0	0
NGFW	firewall security price in usa	20	BOFU 	https://www.fortinet.com/products/network-firewall-pricing	1	1	1	1	2	2	2	1	1	1	1	1	1	1	1	1	3	2	3	2	2	2	1	1	1	1	1	1	1	1	1	1	1	1	0	0
NGFW	how much is a network firewall	20	BOFU 	https://www.fortinet.com/products/network-firewall-pricing	1	1	1	1	3	3	3	1	1	1	1	1	1	1	1	1	1	1	1	1	1	3	1	2	1	1	1	1	1	1	1	1	2	2	0	-1
NGFW	low cost firewall	20	BOFU 	https://www.fortinet.com/products/network-firewall-pricing	8	8	9	8	9	7	10	9	6	6	7	12	7	7	7	13	7	11	7	3	4	4	3	4	6	5	3	3	3	1	5	3	3	4	-1	4
NGFW	physical firewall prices	10	BOFU 	https://www.fortinet.com/products/network-firewall-pricing	2	3	3	1	1	1	8	1	1	1	1	1	1	1	1	1	1	1	1	1	1	1	1	1	1	1	2	1	1	1	2	1	1	1	0	1
NGFW	what are software firewalls	70	TOFU	https://www.fortinet.com/resources/cyberglossary/hardware-firewalls-better-than-software	1	1	3	1	4	4	1	1	3	1	1	1	4	1	1	1	1	1	1	8	1	1	1	1	1	1	1	1	1	1	1	1	1	1	0	0
NGFW	next generation firewall vs waf	70	TOFU	https://www.fortinet.com/resources/cyberglossary/waf-vs-firewall	1	4	4	1	4	4	4	4	1	4	4	1	1	1	1	1	1	1	1	1	1	4	1	1	1	1	1	1	1	1	4	4	4	4	0	-3
NGFW	difference between application level firewall and network level firewall	20	TOFU	https://www.fortinet.com/resources/cyberglossary/waf-vs-firewall	1	1	1	1	1	1	1	1	1	1	1	1	1	1	1	1	1	1	1	1	1	1	1	1	1	1	1	2	1	1	2	1	1	1	0	0
NGFW	next generation enterprise firewall	30	MOFU	https://www.fortinet.com/products/next-generation-firewall	1	1	1	1	1	1	1	2	3	1	1	1	4	4	1	1	1	4	1	3	3	2	2	1	1	1	1	3	2	1	3	1	1	1	0	0
NGFW	next gen firewall services	70	MOFU		6	4	5	1	1	5	5	4	1	3	1	1	19	21	22	1	1	1	1	1	-	4	14	-	-	-	-	1	1	1	38	101	-	-	#VALUE!	#VALUE!
NGFW	next generation application firewall	30	BOFU 	https://www.fortinet.com/blog/business-and-technology/redefining-next-generation-firewalls	1	1	1	4	4	1	7	1	1	1	4	8	21	7	7	6	1	4	5	1	25	26	20	20	22	22	26	27	24	26	38	34	25	26	-1	-25
NGFW	enterprise security firewall	50	TOFU	https://www.fortinet.com/resources/cyberglossary/enterprise-security	1	1	1	1	1	8	1	1	1	1	1	1	1	1	1	1	1	4	3	3	1	2	4	3	2	4	4	4	1	3	2	3	3	1	2	0
NGFW	add a next generation firewall	20	BOFU 	https://www.fortinet.com/products/next-generation-firewall	1	2	1	1	1	1	7	1	1	1	4	10	8	1	1	1	1	1	1	23	4	4	1	1	1	1	5	5	1	3	47	3	4	5	-1	-4
NGFW	branch office firewall	20	MOFU	https://www.fortinet.com/resources/cyberglossary/what-is-branch-networking	2	4	2	1	1	1	1	1	3	3	1	1	1	1	3	1	1	1	1	5	4	3	3	1	3	1	5	4	5	4	5	3	1	1	0	1
NGFW	next gen firewall magic quadrant	40	MOFU	https://www.fortinet.com/products/next-generation-firewall	1	1	1	1	1	1	1	1	1	2	1	1	1	1	1	1	1	1	1	1	1	1	1	1	1	1	1	1	1	1	2	1	1	1	0	0
NGFW	ngfw products	30	BOFU 	https://www.fortinet.com/products/next-generation-firewall	1	1	1	1	1	1	1	1	2	1	1	2	1	1	1	1	1	1	1	1	1	1	1	1	2	1	1	2	1	1	1	1	1	1	0	0
NGFW	how network firewall is different from application firewall	40	TOFU	https://www.fortinet.com/resources/cyberglossary/waf-vs-firewall	1	1	2	1	1	1	1	1	1	1	1	1	1	1	1	1	1	1	1	1	1	1	1	1	1	1	1	1	1	3	2	1	1	1	0	0
NGFW	application firewall and network firewall	40	TOFU	https://www.fortinet.com/resources/cyberglossary/waf-vs-firewall	1	1	2	1	1	1	1	2	1	1	1	1	1	1	1	1	1	1	1	1	1	1	1	1	1	1	1	1	2	1	2	1	1	1	0	0
NGFW	next generation firewall appliance	90	BOFU 	https://www.fortinet.com/products/next-generation-firewall	1	1	1	1	1	1	1	1	1	1	1	1	1	1	1	4	1	1	1	1	3	3	2	3	4	3	1	1	4	1	1	1	4	5	-1	-4
NGFW	next generation firewalls ngfw	20	TOFU	https://www.fortinet.com/blog/business-and-technology/redefining-next-generation-firewalls	5	4	5	5	5	5	5	5	1	1	1	1	1	1	5	1	1	1	5	1	1	1	1	1	1	1	1	1	1	1	1	7	1	1	0	4
NGFW	secure web gateway vs next generation firewall	30	TOFU	https://www.fortinet.com/resources/cyberglossary/secure-web-gateways	14	17	17	17	15	17	15	1	16	22	15	16	23	1	1	23	19	1	1	15	1	-	23	17	-	23	-	14	14	33	37	22	13	13	0	1
NGFW	ngfw firewall features	20	MOFU	https://www.fortinet.com/products/next-generation-firewall	1	1	1	1	1	5	5	1	1	1	1	5	6	1	1	1	1	1	1	1	1	1	1	1	1	1	1	1	5	6	5	5	8	1	7	0
NGFW	what is the next generation firewall	30	TOFU	https://www.fortinet.com/blog/business-and-technology/redefining-next-generation-firewalls	10	10	10	10	11	10	10	8	7	20	7	1	1	10	10	1	1	1	1	1	1	5	1	1	1	1	1	1	1	1	1	1	1	1	0	9
NGFW	next generation firewall security	40	MOFU	https://www.fortinet.com/products/next-generation-firewall	1	4	1	1	5	1	5	1	5	1	1	4	1	1	1	1	5	1	1	1	5	5	5	4	5	5	4	5	1	4	5	5	1	4	-3	-3
NGFW	next generation firewall features list	30	MOFU	https://www.fortinet.com/products/next-generation-firewall	2	6	7	6	1	7	6	1	1	1	1	1	1	1	1	1	1	1	1	1	1	6	1	5	1	6	1	1	5	1	6	6	6	1	5	1
NGFW	ngfw layer 7 firewall	30	TOFU	https://www.fortinet.com/lat/resources/cyberglossary/next-generation-firewall	1	5	6	6	1	1	5	1	1	1	3	9	4	9	5	3	21	1	1	1	1	8	1	8	1	7	5	1	1	5	22	6	7	5	2	-4
NGFW	features of next generation firewall	70	MOFU	https://www.fortinet.com/products/next-generation-firewall	1	1	1	1	1	4	4	1	1	1	1	5	4	1	1	1	1	1	1	1	4	1	1	1	1	1	1	1	5	5	5	4	4	1	3	0
NGFW	enterprise firewall magic quadrant	30	MOFU	https://www.fortinet.com/blog/business-and-technology/fortinet-named-a-leader-in-gartner-mq-for-network-firewalls-2022	1	1	1	1	1	1	1	1	1	1	1	1	1	1	1	1	1	1	1	1	1	1	1	1	1	1	1	1	1	1	1	1	1	1	0	0
NGFW	what is next generation firewall ngfw	30	TOFU	https://www.fortinet.com/blog/business-and-technology/redefining-next-generation-firewalls	9	13	9	8	7	8	8	5	7	8	8	1	9	8	12	1	1	1	1	1	1	6	1	1	1	1	1	1	1	1	1	1	1	1	0	8
NGFW	ngfw vs ips	30	TOFU	https://www.fortinet.com/blog/business-and-technology/two-options-for-evolving-your-ips-solution	1	1	1	1	1	1	1	1	1	1	1	1	1	1	2	1	1	1	1	1	1	1	1	1	1	1	1	1	1	1	1	1	1	1	0	0
NGFW	firewall utm ngfw	30	TOFU	https://www.fortinet.com/resources/cyberglossary/ngfw-vs-utm	1	1	1	1	1	1	1	1	1	1	1	1	1	1	1	1	1	1	1	2	1	1	1	1	1	1	2	1	1	1	2	1	1	1	0	0
NGFW	affordable firewall	20	BOFU 	https://www.fortinet.com/solutions/small-business/firewall	9	9	7	9	11	10	8	8	3	4	5	6	7	8	8	12	12	1	5	8	4	3	5	5	5	7	6	6	7	3	10	8	8	8	0	1
NGFW	next generation firewall software	30	MOFU	https://www.fortinet.com/products/next-generation-firewall	5	5	6	5	4	5	4	1	4	1	1	1	1	1	1	1	3	1	3	2	3	3	1	1	3	1	1	1	1	1	1	1	3	3	0	2
NGFW	difference between next generation firewall and standard firewall	30	TOFU	https://www.fortinet.com/blog/business-and-technology/redefining-next-generation-firewalls	14	15	14	14	13	12	47	14	13	12	1	26	1	25	18	1	9	1	1	1	12	13	12	10	10	10	1	11	10	13	15	14	1	1	0	13
NGFW	advantages of hardware firewall	30	TOFU	https://www.fortinet.com/resources/cyberglossary/hardware-firewalls-better-than-software	1	1	1	1	1	1	1	1	1	1	1	1	1	1	1	1	1	1	1	1	3	4	1	1	1	1	1	1	1	1	1	1	3	2	1	-1
NGFW	next generation firewall meaning	30	TOFU	https://www.fortinet.com/blog/business-and-technology/redefining-next-generation-firewalls	5	6	7	5	5	6	5	6	6	6	6	6	1	5	9	1	1	1	7	1	1	1	1	1	1	1	1	1	1	1	1	1	1	1	0	4
NGFW	enterprise firewall router	40	BOFU 	https://www.fortinet.com/solutions/small-business/firewall	9	5	9	7	5	8	5	6	6	4	6	6	5	6	5	21	8	8	1	7	7	3	1	1	16	25	1	2	2	1	1	1	18	18	0	-9
NGFW	5th generation firewall	30	TOFU	https://www.fortinet.com/products/next-generation-firewall	1	1	1	1	1	1	1	1	5	1	12	4	1	1	1	1	1	1	1	7	2	4	4	6	7	6	7	7	5	5	3	5	3	4	-1	-3
NGFW	next generation firewall benefits	50	MOFU	https://www.fortinet.com/resources/cyberglossary/next-generation-firewall	9	8	7	7	1	1	9	1	6	1	1	6	1	1	1	1	1	1	1	1	1	6	1	1	1	1	5	4	1	5	6	1	5	1	4	8
NGFW	price of hardware firewall	20	BOFU 	https://www.fortinet.com/products/network-firewall-pricing	2	2	1	1	1	1	1	3	1	1	1	1	1	1	1	1	1	1	1	3	1	1	1	1	1	1	1	1	1	1	1	1	1	1	0	1
NGFW	next generation firewall vs utm	90	TOFU	https://www.fortinet.com/resources/cyberglossary/ngfw-vs-utm	1	1	1	1	1	1	1	1	1	1	1	1	1	1	1	1	1	1	1	1	1	1	1	1	1	1	1	1	1	1	1	1	2	1	1	0
NGFW	ngfw tools	20	MOFU	https://www.fortinet.com/products/next-generation-firewall	1	1	1	1	1	1	1	1	2	1	1	1	1	1	1	1	2	1	1	2	3	3	3	1	1	1	1	1	1	1	1	2	1	1	0	0
NGFW	advantages to next generation firewall	30	MOFU	https://www.fortinet.com/blog/business-and-technology/redefining-next-generation-firewalls	23	27	25	27	21	16	14	22	1	1	1	1	1	1	1	1	1	22	1	1	1	8	7	1	1	1	1	1	8	5	8	8	9	9	0	14
NGFW	network firewall cost	70	BOFU 	https://www.fortinet.com/products/network-firewall-pricing	2	2	2	2	6	5	6	2	2	2	2	2	2	2	1	1	1	1	1	1	1	1	1	2	4	1	2	2	2	2	2	2	2	2	0	0
Zero Trust	VPN to ZTNA	30	TOFU	https://www.fortinet.com/resources/cyberglossary/ztna-vs-vpn	1	1	1	1	1	2	1	2	1	1	1	1	2	2	1	1	1	1	1	1	1	1	1	1	1	1	1	1	1	1	1	1	1	1	0	0
Zero Trust	How to migrate from VPN to ZTNA	30	MOFU	https://community.fortinet.com/4d-documents-54/ssl-vpn-to-ztna-migration-guide-151223	1	1	1	1	1	1	1	1	1	1	1	1	1	1	1	1	1	1	1	1	1	1	2	1	1	1	1	2	2	1	2	1	1	1	0	0
Zero Trust	zero trust	9900	TOFU	https://www.fortinet.com/resources/cyberglossary/what-is-the-zero-trust-network-security-model	7	1	10	1	1	10	1	1	1	1	1	21	1	8	1	1	12	1	1	10	10	8	13	10	13	1	1	19	10	9	12	12	10	12	-2	-5
Zero Trust	zero trust architecture	6600	TOFU	https://www.fortinet.com/resources/cyberglossary/zero-trust-architecture	18	21	20	1	17	1	29	1	28	24	13	1	17	1	1	1	1	1	22	1	1	22	1	1	22	-	1	1	19	1	1	1	1	1	0	17
Zero Trust	ztna	5400	BOFU 	https://www.fortinet.com/solutions/enterprise-midsize-business/network-access/application-access	1	3	1	1	1	3	4	8	1	1	1	1	1	1	1	1	1	1	1	1	1	1	1	1	4	1	1	1	4	5	1	1	1	1	0	0
Zero Trust	what is zero trust	2400	TOFU	https://www.fortinet.com/resources/cyberglossary/what-is-the-zero-trust-network-security-model	38	1	6	10	13	1	12	1	1	19	1	8	10	11	1	1	16	1	1	1	1	1	19	15	16	6	1	1	1	1	1	1	1	7	-6	31
Zero Trust	zero trust network	1900	TOFU	https://www.fortinet.com/resources/cyberglossary/what-is-the-zero-trust-network-security-model	5	5	6	6	1	7	9	1	1	1	1	1	1	1	1	1	1	1	1	1	8	7	8	1	1	19	1	1	1	1	1	1	1	9	-8	-4
Zero Trust	zero trust networking	590	TOFU	https://www.fortinet.com/resources/cyberglossary/what-is-the-zero-trust-network-security-model	1	1	1	9	1	1	1	23	1	1	14	1	1	1	1	1	1	1	1	1	1	1	8	1	1	1	1	1	1	1	1	1	1	21	-20	-20
Zero Trust	zero trust model	1300	TOFU	https://www.fortinet.com/resources/cyberglossary/what-is-the-zero-trust-network-security-model	11	12	11	1	1	1	9	1	1	1	1	1	9	1	9	1	1	10	1	8	1	9	9	1	9	7	1	1	1	1	1	1	1	1	0	10
Zero Trust	zero trust security	5400	TOFU	https://www.fortinet.com/resources/cyberglossary/what-is-the-zero-trust-network-security-model	1	14	1	10	10	10	-	1	6	8	19	19	1	8	20	8	6	8	1	1	9	1	1	7	8	7	8	1	1	1	1	1	1	1	0	0
Zero Trust	zero trust network access	2900	TOFU	https://www.fortinet.com/resources/cyberglossary/what-is-ztna	1	1	1	1	1	4	1	1	1	1	1	1	1	1	1	1	1	5	1	1	1	1	1	1	1	1	1	1	1	1	1	1	1	1	0	0
Zero Trust	zero trust security model	1300	TOFU	https://www.fortinet.com/resources/cyberglossary/what-is-the-zero-trust-network-security-model	1	1	1	1	7	6	9	8	1	1	1	1	4	1	1	5	6	1	1	1	8	8	1	1	5	4	1	1	6	1	1	1	3	3	0	-2
Zero Trust	what is zero trust security	1600	TOFU	https://www.fortinet.com/resources/cyberglossary/what-is-the-zero-trust-network-security-model	5	1	1	1	1	1	1	1	1	7	1	1	7	7	7	8	8	6	6	7	7	1	1	1	1	1	1	8	1	8	1	8	1	9	-8	-4
Zero Trust	what is zero trust architecture	1300	TOFU	https://www.fortinet.com/resources/cyberglossary/what-is-zero-trust	39	1	1	1	1	-	18	1	1	14	1	1	1	25	1	-	-	1	34	1	1	1	1	1	19	1	1	1	1	1	1	1	1	1	0	38
Zero Trust	zero trust access	720	TOFU	https://www.fortinet.com/resources/cyberglossary/what-is-the-zero-trust-network-security-model	1	4	3	3	3	4	5	1	1	5	1	3	1	1	1	1	1	1	1	1	1	1	1	1	1	1	1	1	1	1	1	1	1	1	0	0
Zero Trust	what is zero trust networking	70	TOFU	https://www.fortinet.com/resources/cyberglossary/what-is-the-zero-trust-network-security-model	1	1	1	8	8	8	1	1	1	1	1	1	1	1	1	1	1	1	1	1	1	8	5	7	1	1	1	1	1	1	1	1	6	6	0	-5
Zero Trust	what is zero trust network access	720	TOFU	https://www.fortinet.com/resources/cyberglossary/what-is-ztna	1	1	1	1	1	1	6	1	1	1	1	1	1	1	1	1	1	5	5	1	1	4	1	1	1	1	1	1	1	1	1	1	5	1	4	0
Zero Trust	ztna security	260	TOFU	https://www.fortinet.com/resources/cyberglossary/what-is-ztna	1	3	1	1	1	1	3	1	4	6	1	1	4	1	1	1	1	1	1	1	3	1	1	1	1	1	1	1	1	3	5	1	1	3	-2	-2
Zero Trust	zero trust edge	260	TOFU	https://www.fortinet.com/resources/cyberglossary/zero-trust-edge	1	1	1	1	1	1	1	1	1	1	1	1	1	1	1	1	2	1	1	1	1	3	1	1	1	1	1	1	1	1	1	1	1	1	0	0
Zero Trust	VPN vs ZTNA	140	TOFU	https://www.fortinet.com/resources/cyberglossary/ztna-vs-vpn	1	1	1	1	1	1	1	1	1	1	2	2	1	1	1	1	1	1	1	1	1	1	1	1	1	1	1	2	1	1	1	2	1	1	0	0
SD-WAN	sd wan overview	70	TOFU	https://www.fortinet.com/resources/cyberglossary/sd-wan-explained	1	3	1	1	4	4	3	1	1	1	6	17	4	3	1	1	1	1	1	1	1	1	1	4	3	3	4	4	4	3	1	1	3	4	-1	-3
SD-WAN	sd wan vs. mpls	30	TOFU	https://www.fortinet.com/resources/cyberglossary/sd-wan-vs-mpls	1	1	1	1	1	1	1	1	1	1	1	1	1	1	1	1	1	1	1	1	1	1	1	1	1	1	1	1	1	1	1	1	1	1	0	0
SD-WAN	sdwan explained	40	TOFU	https://www.fortinet.com/resources/cyberglossary/sd-wan-explained	5	4	5	5	6	5	1	1	1	5	7	1	5	1	1	1	1	1	1	1	5	5	5	5	5	5	1	5	1	1	1	5	1	1	0	4
SD-WAN	wan	33100	TOFU	https://www.fortinet.com/resources/cyberglossary/wan	6	7	1	8	1	-	1	1	1	1	1	1	1	6	1	1	1	1	1	3	14	1	20	-	-	1	14	1	18	1	1	1	1	1	0	5
SD-WAN	wide area network	2900	TOFU	https://www.fortinet.com/resources/cyberglossary/wan	6	5	6	6	5	21	5	5	1	6	21	1	1	1	1	1	1	1	-	1	11	1	1	1	1	1	1	1	11	1	1	1	1	1	0	5
SD-WAN	sd wan	6600	TOFU	https://www.fortinet.com/resources/cyberglossary/sd-wan-explained	1	1	3	1	5	5	1	4	1	4	1	1	1	1	1	1	1	1	1	1	1	1	1	1	1	1	1	1	1	4	3	4	1	1	0	0
SD-WAN	sd-wan	6600	TOFU	https://www.fortinet.com/resources/cyberglossary/sd-wan-explained	1	1	1	1	4	4	1	4	1	4	4	3	1	1	1	1	1	1	1	1	3	1	1	1	1	1	1	1	1	4	3	4	1	4	-3	-3
SD-WAN	sdwan	6600	TOFU	https://www.fortinet.com/resources/cyberglossary/sd-wan-explained	1	1	1	1	5	5	1	1	1	1	3	1	1	1	1	1	1	1	1	1	1	1	1	1	1	1	1	1	1	1	1	8	1	3	-2	-2
SD-WAN	wan definition	6600	TOFU	https://www.fortinet.com/resources/cyberglossary/wan	7	8	8	4	22	35	6	9	5	6	5	6	9	4	21	22	1	13	11	1	12	1	1	1	15	1	1	1	1	7	1	13	1	1	0	6
SD-WAN	what is wan	2900	TOFU	https://www.fortinet.com/resources/cyberglossary/wan	1	6	1	8	1	-	1	1	1	5	1	3	1	1	1	1	5	1	1	1	1	1	1	1	1	7	1	8	13	1	1	1	1	1	0	0
SD-WAN	what is sd-wan	2400	TOFU	https://www.fortinet.com/resources/cyberglossary/sd-wan-explained	1	1	1	3	1	1	1	3	1	3	4	3	3	1	1	1	1	1	1	1	1	3	1	1	1	1	1	3	1	3	3	3	3	1	2	0
SD-WAN	whats sd wan	30	TOFU	https://www.fortinet.com/resources/cyberglossary/sd-wan-explained	1	4	1	3	1	1	1	3	1	4	3	3	3	1	1	1	1	1	1	1	1	3	1	1	1	1	1	3	3	3	3	3	1	1	0	0
SD-WAN	what is sd wan	1900	TOFU	https://www.fortinet.com/resources/cyberglossary/sd-wan-explained	1	1	1	1	1	1	1	3	1	8	6	5	3	3	1	1	1	1	1	1	1	3	1	1	1	1	3	3	1	4	3	3	3	1	2	0
SD-WAN	sd wan vs mpls	880	TOFU	https://www.fortinet.com/resources/cyberglossary/sd-wan-vs-mpls	1	1	1	3	1	1	2	1	1	1	1	1	1	1	1	1	1	1	1	1	1	1	1	1	1	1	1	1	1	1	1	1	1	1	0	0
SD-WAN	sd wan explanation	110	TOFU	https://www.fortinet.com/resources/cyberglossary/sd-wan-explained	1	4	4	4	4	4	3	1	1	4	1	1	4	1	1	1	1	1	1	1	4	1	4	4	5	3	1	5	1	1	1	5	1	1	0	0
SD-WAN	sd wan explained	720	TOFU	https://www.fortinet.com/resources/cyberglossary/sd-wan-explained	5	5	1	1	5	5	5	1	1	6	1	1	5	1	1	1	1	1	1	1	5	5	1	5	5	4	1	4	1	1	1	4	1	1	0	4
SD-WAN	sd wan solutions	1600	TOFU	https://www.fortinet.com/resources/cyberglossary/sd-wan-explained	1	15	14	13	13	14	16	8	9	4	2	1	1	1	1	1	1	1	1	1	1	1	1	1	1	8	1	1	10	1	1	1	1	1	0	0
SD-WAN	sd wan benefits	480	TOFU	https://www.fortinet.com/resources/cyberglossary/benefits-of-sd-wan	1	1	1	1	2	1	1	1	1	1	1	1	1	1	1	1	1	1	1	1	1	1	1	1	1	1	1	1	1	1	1	1	1	1	0	0
SD-WAN	sd wan providers	590	TOFU		12	15	14	16	14	21	23	19	23	15	25	18	18	21	18	18	21	23	25	29	13	11	22	-	24	11	-	-	-	21	32	101	-	-	#VALUE!	#VALUE!
SD-WAN	benefits of sd wan	260	TOFU	https://www.fortinet.com/resources/cyberglossary/benefits-of-sd-wan	1	1	1	1	1	1	1	1	1	1	1	1	1	1	1	1	1	1	1	1	1	1	1	1	1	1	1	1	1	1	1	1	1	1	0	0
SD-WAN	sd wan definition	390	TOFU	https://www.fortinet.com/resources/cyberglossary/sd-wan-explained	4	4	1	1	6	4	1	3	1	3	3	1	3	1	1	1	1	1	1	1	3	4	4	1	1	1	1	3	1	3	3	3	3	1	2	3
SD-WAN	sd wan vendors	390	MOFU		80	86	85	81	82	81	82	80	78	79	86	84	-	-	24	20	33	35	20	27	12	14	12	14	25	20	-	12	-	-	-	-	-	-	#VALUE!	#VALUE!
SD-WAN	wan aggregation	260	TOFU	https://www.fortinet.com/resources/cyberglossary/what-is-wan-aggregation	1	1	1	1	1	1	1	1	1	1	1	1	3	1	1	3	2	1	1	1	7	3	6	5	1	5	1	1	1	1	1	3	1	1	0	0
SD-WAN	sd wan security	720	MOFU	https://www.fortinet.com/resources/cyberglossary/benefits-of-sd-wan	3	1	1	1	1	1	3	1	1	1	1	1	1	1	1	1	1	1	1	1	1	1	1	1	1	1	1	1	1	1	1	1	1	1	0	2
SD-WAN	sd wan meaning	1300	TOFU	https://www.fortinet.com/resources/cyberglossary/sd-wan-explained	4	4	1	1	4	1	4	9	1	4	3	1	1	1	1	1	1	1	1	3	1	1	1	1	1	1	3	3	3	3	3	3	1	1	0	3
SD-WAN	software defined wan	1600	TOFU	https://www.fortinet.com/resources/cyberglossary/sd-wan-explained	1	1	1	1	1	1	1	1	4	1	1	1	1	1	1	1	4	1	1	1	1	3	4	3	1	3	3	1	1	3	1	1	1	1	0	0
SD-WAN	sd wan router	260	TOFU	https://www.fortinet.com/resources/cyberglossary/sd-wan-explained	13	73	21	22	22	19	-	1	1	25	12	22	23	13	29	1	20	12	23	1	18	18	15	12	20	-	17	1	11	29	33	101	-	1	#VALUE!	12
SD-WAN	sd wan technology	390	TOFU	https://www.fortinet.com/resources/cyberglossary/sd-wan-explained	1	1	1	3	3	3	1	1	1	1	3	5	1	1	1	1	1	1	1	1	1	5	1	5	4	1	1	1	1	1	1	1	1	1	0	0
SD-WAN	sd wan companies	210	BOFU 	https://www.fortinet.com/resources/cyberglossary/sd-wan-explained	24	27	28	29	31	34	36	22	28	28	35	34	30	34	31	16	30	26	27	28	14	28	-	-	-	-	-	-	-	-	-	-	-	15	#VALUE!	9
SD-WAN	sd wan managed services	880	TOFU	https://www.fortinet.com/resources/cyberglossary/diy-vs-managed-sd-wan	1	1	1	5	4	4	5	19	1	1	5	1	22	5	1	7	1	1	9	9	15	15	5	5	4	1	5	5	-	5	5	20	101	1	100	0
SD-WAN	managed sd wan	1000	TOFU	https://www.fortinet.com/resources/cyberglossary/diy-vs-managed-sd-wan	1	1	1	1	1	4	5	1	4	9	4	4	5	1	1	1	1	1	1	7	5	6	21	4	4	8	1	-	1	1	4	4	1	3	-2	-2
SD-WAN	sd wan device	210	TOFU	https://www.fortinet.com/resources/cyberglossary/sd-wan-explained	1	1	1	1	1	4	1	1	1	1	1	1	1	1	1	1	1	1	1	1	1	1	1	1	1	1	1	1	1	1	1	1	1	1	0	0
SD-WAN	sd wan appliances	50	TOFU		10	1	1	20	15	16	1	6	12	27	13	17	20	1	1	21	1	1	1	54	-	-	18	-	20	1	1	-	1	-	1	1	1	-	#VALUE!	#VALUE!
SD-WAN	sd wan appliance	210	TOFU	https://www.fortinet.com/blog/industry-trends/moving-sd-wan-from-a-stand-alone-appliance-to-a-feature-in-a-security-platform	1	1	1	1	5	5	6	19	13	22	6	6	9	1	1	17	1	1	1	7	1	19	17	16	22	1	1	18	1	26	1	1	1	21	-20	-20
SD-WAN	cloud sd wan	140	MOFU	https://www.fortinet.com/solutions/enterprise-midsize-business/sd-wan-multi-cloud	1	1	3	1	1	1	1	4	1	1	1	1	1	1	1	1	1	1	1	1	1	9	1	1	1	26	-	5	1	4	5	1	4	1	3	0
SD-WAN	software defined wide area network	260	TOFU	https://www.fortinet.com/resources/cyberglossary/sd-wan-explained	1	1	1	5	1	1	1	1	4	1	1	6	1	1	1	1	5	1	1	1	4	4	4	4	1	4	4	1	1	4	1	4	4	1	3	0
SD-WAN	definition sd wan	50	TOFU	https://www.fortinet.com/resources/cyberglossary/sd-wan-explained	4	4	1	1	4	4	4	4	1	4	3	4	4	1	1	1	1	1	1	1	4	1	5	1	1	1	1	4	1	3	3	3	3	1	2	3
SD-WAN	sd wan software	140	TOFU		1	1	1	1	5	5	5	1	1	1	1	4	1	1	1	1	1	1	1	1	1	1	1	1	6	1	5	1	5	4	5	1	1	-	#VALUE!	#VALUE!
SD-WAN	define sd wan	70	TOFU	https://www.fortinet.com/resources/cyberglossary/sd-wan-explained	1	1	1	1	1	1	1	1	1	1	1	1	1	1	1	1	1	1	1	1	1	4	1	4	5	4	4	4	3	3	3	3	3	2	1	-1
SD-WAN	advantages of sd wan	70	MOFU	https://www.fortinet.com/resources/cyberglossary/benefits-of-sd-wan	2	1	1	1	2	2	2	1	1	1	1	1	1	1	1	1	1	1	1	1	1	1	1	1	1	1	1	1	1	1	1	1	1	1	0	1
SD-WAN	top sd wan vendors	70	BOFU 	https://www.fortinet.com/blog/business-and-technology/fortinet-named-a-top-sdwan-vendor-in-the-2021-frost-radar	72	64	63	64	66	67	-	-	-	-	-	-	-	-	-	-	-	-	-	28	-	-	-	-	-	-	-	-	-	-	-	101	59	56	3	16
SD-WAN	sd wan advantages	210	MOFU	https://www.fortinet.com/resources/cyberglossary/benefits-of-sd-wan	1	1	1	1	1	1	1	1	1	1	1	2	1	1	1	1	1	1	1	1	1	1	1	1	1	1	1	1	1	1	1	1	1	1	0	0
SD-WAN	wan providers	110	TOFU	https://www.fortinet.com/resources/cyberglossary/sd-wan-explained	-	16	17	23	21	19	19	22	19	20	20	16	28	27	19	14	25	31	25	26	24	30	27	24	27	27	-	-	-	31	33	28	15	22	-7	#VALUE!
SD-WAN	what is wan aggregation	110	TOFU	https://www.fortinet.com/resources/cyberglossary/what-is-wan-aggregation	5	1	1	1	1	5	1	1	1	1	1	1	1	1	1	1	1	1	4	4	1	1	1	1	1	1	1	1	1	1	1	3	3	1	2	4
SD-WAN	sd wan cost	210	TOFU	https://www.fortinet.com/resources/cyberglossary/sd-wan-costs	1	1	1	1	1	1	1	1	1	1	6	6	1	1	1	3	1	1	1	4	1	1	5	1	1	5	1	5	5	4	4	5	1	1	0	0
SD-WAN	sd wan pricing	170	TOFU	https://www.fortinet.com/resources/cyberglossary/sd-wan-costs	2	2	2	1	1	6	1	1	1	1	1	2	1	1	1	1	1	1	1	8	1	1	6	1	1	6	1	6	6	5	5	6	1	1	0	1
SD-WAN	sd wan leaders	90	MOFU	https://www.fortinet.com/blog/business-and-technology/fortinet-named-a-leader-in-gartner-magic-quadrant-for-sd-wan-for-fifth-year	10	13	13	10	12	1	10	1	10	10	16	11	1	1	1	1	1	13	1	17	8	8	7	7	6	1	1	1	7	6	16	1	7	8	-1	2
SD-WAN	top sd wan providers	110	BOFU 		88	70	70	1	70	70	47	48	44	48	50	54	-	-	-	-	-	-	-	-	-	-	-	-	-	-	-	-	-	-	-	-	-	-	#VALUE!	#VALUE!
SD-WAN	best sd wan	90	BOFU 		10	11	21	12	27	17	19	20	11	10	28	10	-	-	-	-	35	33	25	31	-	-	-	-	-	-	-	-	-	-	-	-	-	-	#VALUE!	#VALUE!
SD-WAN	sd wan vendors comparison	90	BOFU 		-	36	35	37	40	18	32	17	38	18	33	39	-	-	25	16	20	24	-	-	-	22	-	-	-	-	19	-	1	1	101	1	101	-	#VALUE!	#VALUE!
SD-WAN	wan cost	50	TOFU	https://www.fortinet.com/resources/cyberglossary/sd-wan-costs	1	1	1	11	11	9	10	7	10	8	9	10	21	-	1	16	15	1	17	13	12	8	7	14	16	9	12	9	12	10	28	10	10	15	-5	-14
SD-WAN	sd wan for small business	170	BOFU 	https://www.fortinet.com/solutions/small-business/security-sd-wan	1	1	1	1	1	1	1	1	1	1	1	1	1	1	1	2	1	1	1	1	1	5	1	1	1	1	1	1	3	2	3	1	1	1	0	0
SD-WAN	sd wan over mpls	170	TOFU	https://www.fortinet.com/resources/cyberglossary/sd-wan-vs-mpls	1	3	1	1	1	1	2	1	1	1	1	1	1	1	1	1	1	1	1	1	1	1	1	1	1	1	1	1	1	1	4	3	4	4	0	-3
SD-WAN	wan sdn	20	TOFU	https://www.fortinet.com/resources/cyberglossary/sdn-vs-sd-wan	1	1	1	3	3	3	2	2	3	3	1	2	1	1	2	1	1	1	3	3	1	1	1	1	1	1	1	1	1	2	3	3	3	3	0	-2
SD-WAN	sdn wan	260	TOFU	https://www.fortinet.com/resources/cyberglossary/sdn-vs-sd-wan	1	1	1	2	3	2	1	1	3	2	1	2	1	1	1	1	1	1	3	3	1	1	1	1	1	1	1	1	1	1	3	3	3	3	0	-2
SD-WAN	sd wan security concerns	50	TOFU	https://www.fortinet.com/resources/cyberglossary/sd-wan-security	1	4	4	1	1	1	4	1	1	1	1	7	1	1	1	1	1	1	1	1	6	1	1	1	1	1	1	1	1	7	5	1	4	5	-1	-4
SD-WAN	sd wan requirements	90	TOFU	https://docs.fortinet.com/document/fortigate-public-cloud/7.6.0/azure-vwan-sd-wan-ngfw-deployment-guide/714249/prerequisites-for-sd-wan-configuration	1	1	1	1	1	1	8	4	6	1	6	34	8	8	8	1	9	9	21	21	1	31	25	26	20	20	1	34	52	19	45	29	30	34	-4	-33
SD-WAN	sd wan connectivity	30	TOFU	https://www.fortinet.com/resources/cyberglossary/sd-wan-explained	1	3	4	4	1	1	1	1	1	1	1	1	1	1	1	1	1	1	1	1	1	2	1	1	2	2	2	3	1	1	1	1	1	1	0	0
SD-WAN	sd wan what is it	30	TOFU	https://www.fortinet.com/resources/cyberglossary/sd-wan-explained	1	4	4	5	1	5	5	3	1	4	3	5	1	1	1	1	1	1	1	1	1	1	3	1	1	1	3	3	3	3	1	3	1	1	0	0
SD-WAN	best sd wan providers	90	MOFU		31	28	28	20	26	28	-	20	24	23	22	21	-	-	37	41	38	40	38	37	-	-	-	-	-	-	-	-	-	-	-	-	-	-	#VALUE!	#VALUE!
SD-WAN	diy vs managed sd wan	70	TOFU	https://www.fortinet.com/resources/cyberglossary/diy-vs-managed-sd-wan	1	1	1	1	1	1	2	1	1	1	1	1	1	1	1	2	1	1	1	1	1	2	2	1	1	1	1	1	1	1	1	1	1	1	0	0
SD-WAN	sd wan comparison	110	TOFU	https://www.fortinet.com/resources/cyberglossary/sd-wan-vs-vpn	5	12	1	1	4	1	1	1	2	1	1	1	1	1	14	1	1	1	1	1	1	1	9	1	1	1	9	1	9	9	10	10	1	10	-9	-5
SD-WAN	sd wan for enterprise	50	TOFU	https://www.fortinet.com/resources/cyberglossary/sd-wan-explained	1	2	1	1	1	1	1	1	1	1	1	1	4	11	1	1	1	1	1	2	4	4	2	2	1	2	2	1	1	21	3	1	1	1	0	0
SD-WAN	is sd wan better than mpls	90	TOFU	https://www.fortinet.com/resources/cyberglossary/sd-wan-vs-mpls	1	3	1	1	1	1	1	1	1	1	1	2	1	1	1	1	1	1	1	2	1	4	1	1	1	1	1	1	1	3	4	4	4	3	1	-2
SD-WAN	sd wan security features	110	TOFU	https://www.fortinet.com/resources/cyberglossary/sd-wan-security	5	4	4	1	1	1	1	1	1	1	1	4	5	1	1	1	1	4	4	1	1	1	1	6	1	4	1	1	1	4	5	5	6	6	0	-1
SD-WAN	what does sd wan mean	50	TOFU	https://www.fortinet.com/resources/cyberglossary/sd-wan-explained	1	1	1	1	4	1	4	4	1	4	3	1	1	1	1	1	1	1	1	1	1	4	1	1	1	1	1	3	1	3	1	3	3	1	2	0
SD-WAN	sd wan pricing model	40	TOFU	https://www.fortinet.com/resources/cyberglossary/sd-wan-costs	1	3	1	1	3	1	1	1	1	1	1	1	5	1	1	1	1	1	1	2	1	6	1	5	1	1	1	1	1	4	5	4	1	1	0	0
SD-WAN	sd wan capabilities	40	TOFU	https://www.fortinet.com/resources/cyberglossary/sd-wan-explained	1	4	4	1	1	1	1	1	1	1	1	1	1	1	1	1	1	1	1	1	1	4	1	1	1	1	1	3	1	2	6	3	1	1	0	0
SD-WAN	mpls to sd wan	90	TOFU	https://www.fortinet.com/resources/cyberglossary/sd-wan-vs-mpls	1	1	1	1	8	8	5	1	1	1	1	1	1	6	1	1	1	1	1	1	1	1	1	1	1	1	1	1	1	2	3	2	1	1	0	0
SD-WAN	sd wan price list	20	TOFU	https://www.fortinet.com/resources/cyberglossary/sd-wan-costs	11	1	1	3	23	22	1	1	10	25	20	15	10	1	22	18	11	1	10	8	11	18	12	11	11	1	1	10	10	11	12	13	13	1	12	10
SD-WAN	wan security issues	90	TOFU	https://www.fortinet.com/resources/cyberglossary/sd-wan-security	1	1	1	1	1	1	1	1	1	1	1	1	1	1	1	1	1	1	1	1	1	1	6	1	1	1	1	1	2	1	4	1	1	3	-2	-2
SD-WAN	wan security measures	70	MOFU	https://www.fortinet.com/blog/industry-trends/prioritizing-concerns-around-wan-security-issues	1	2	1	1	1	1	1	3	1	1	1	1	1	1	1	1	1	1	1	1	1	1	1	1	1	1	1	1	1	3	3	1	1	2	-1	-1
SD-WAN	fully managed sd wan	320	MOFU	https://www.fortinet.com/resources/cyberglossary/diy-vs-managed-sd-wan	5	4	1	4	1	3	4	1	1	1	6	24	4	4	21	9	11	8	7	22	28	33	-	18	21	-	-	-	-	-	-	-	-	5	#VALUE!	0
SD-WAN	best sd wan vendors	90	MOFU		38	24	23	11	24	21	15	27	21	11	22	24	39	37	35	35	43	43	37	37	-	-	-	-	-	-	-	-	-	-	-	-	-	-	#VALUE!	#VALUE!
SD-WAN	what is managed sd wan	140	TOFU	https://www.fortinet.com/resources/cyberglossary/diy-vs-managed-sd-wan	1	1	1	1	8	4	7	12	9	14	6	4	6	8	8	7	7	10	6	6	1	5	5	1	5	5	5	5	1	2	4	4	4	1	3	0
SD-WAN	sd wan cost calculator	20	TOFU	https://www.fortinet.com/resources/cyberglossary/sd-wan-costs	9	9	1	1	1	1	49	1	1	1	9	1	1	1	1	11	17	1	1	1	1	6	4	1	1	4	4	4	4	3	4	3	4	4	0	5
SD-WAN	leading sd wan vendors	50	MOFU		-	38	36	38	23	23	26	34	36	43	31	37	-	-	44	46	-	-	-	-	-	-	-	-	-	-	-	-	-	-	-	-	-	-	#VALUE!	#VALUE!
SD-WAN	sd wan security issues	40	TOFU	https://www.fortinet.com/resources/cyberglossary/sd-wan-security	1	5	1	1	1	1	3	1	1	1	1	1	1	1	1	1	1	1	1	1	6	5	1	53	6	1	1	1	1	5	7	1	5	4	1	-3
SD-WAN	sd wan visibility	70	MOFU		27	24	29	33	36	37	39	44	45	51	55	56	-	-	38	37	47	32	37	19	-	-	-	-	-	-	-	-	-	-	-	-	-	-	#VALUE!	#VALUE!
SD-WAN	sd wan price comparison	30	TOFU	https://www.fortinet.com/resources/cyberglossary/sd-wan-costs	1	3	1	1	1	1	1	1	1	7	1	1	1	1	1	1	1	1	1	1	1	1	6	1	6	6	6	7	7	5	1	5	6	7	-1	-6
SD-WAN	sd wan cost savings	70	TOFU	https://www.fortinet.com/resources/cyberglossary/sd-wan-costs	1	1	1	1	2	2	1	1	1	2	1	1	1	1	1	1	1	2	2	2	1	1	1	1	1	1	1	2	3	2	1	1	1	1	0	0
SD-WAN	sd wan automation	70	MOFU	https://www.fortinet.com/blog/industry-trends/benefits-of-an-automated-orchestration-system-for-sd-wan	1	8	1	1	1	1	1	1	1	1	1	1	1	1	1	1	1	1	1	7	12	21	13	27	9	17	11	13	10	29	31	23	26	27	-1	-26
SD-WAN	managed service sd wan	210	TOFU	https://www.fortinet.com/resources/cyberglossary/diy-vs-managed-sd-wan	1	3	1	4	1	4	1	1	1	1	1	1	1	5	1	6	1	1	5	6	5	5	6	5	5	1	1	7	22	5	5	22	7	1	6	0
SD-WAN	sd wan fec	20	MOFU	https://docs.fortinet.com/document/fortigate/8.0.0/administration-guide/169010/adaptive-forward-error-correction	9	21	10	11	9	10	14	1	20	9	9	10	9	9	9	1	14	8	9	1	1	1	21	8	18	1	1	9	9	7	10	8	9	13	-4	-4
SD-WAN	diy sd wan	50	TOFU	https://www.fortinet.com/resources/cyberglossary/diy-vs-managed-sd-wan	1	1	1	1	1	1	1	1	1	1	1	1	1	1	1	1	1	1	1	1	1	2	1	2	2	1	2	1	1	1	2	1	1	2	-1	-1
SD-WAN	sdn sd wan	20	TOFU	https://www.fortinet.com/resources/cyberglossary/sdn-vs-sd-wan	1	1	1	1	2	2	1	2	1	1	1	1	1	1	1	1	1	1	1	1	1	1	1	1	1	1	1	1	1	2	3	1	1	2	-1	-1
SD-WAN	difference between wan and sd wan	30	TOFU	https://www.fortinet.com/resources/cyberglossary/sd-wan-explained	19	28	29	20	19	28	26	9	1	1	23	23	14	1	16	24	1	41	28	32	9	1	13	11	11	8	9	10	11	11	10	11	9	6	3	13
SD-WAN	why use sd wan	30	TOFU	https://www.fortinet.com/resources/cyberglossary/benefits-of-sd-wan	1	1	1	1	2	2	2	3	1	1	1	2	1	1	1	1	1	1	1	1	2	1	1	1	1	1	1	1	1	1	1	1	1	1	0	0
SD-WAN	sd wan vs mpls cost comparison	90	TOFU	https://www.fortinet.com/resources/cyberglossary/sd-wan-vs-mpls	1	8	10	1	1	1	1	1	1	1	1	1	1	1	1	1	1	1	1	1	1	3	1	1	1	1	2	3	2	1	3	2	1	1	0	0
SD-WAN	wan security risks	70	MOFU	https://www.fortinet.com/blog/industry-trends/prioritizing-concerns-around-wan-security-issues	1	4	1	4	1	1	1	1	1	1	1	1	1	1	1	1	1	1	1	3	3	1	1	1	1	1	1	1	1	2	3	1	2	1	1	0
SD-WAN	sd wan bandwidth	40	MOFU	https://docs.fortinet.com/document/fortigate/6.2.0/cookbook/708464/sd-wan-rules-maximize-bandwidth-sla	1	1	1	1	1	1	2	1	1	1	1	1	1	1	1	1	1	1	1	2	2	1	2	1	1	1	1	1	1	1	1	1	1	1	0	0
SD-WAN	sd wan lte	70	TOFU	https://www.fortinet.com/resources/cyberglossary/sd-wan-explained	11	11	1	1	9	13	1	1	1	3	2	4	1	1	1	1	1	9	8	7	1	1	1	1	1	9	1	1	14	12	12	12	14	13	1	-2
SD-WAN	sd wan lan	30	TOFU	https://www.fortinet.com/resources/cyberglossary/sd-wan-explained	10	10	9	14	5	5	1	8	1	1	1	1	1	1	1	1	1	1	1	1	10	5	8	7	1	13	15	15	18	13	10	1	21	10	11	0
SD-WAN	wan sd wan	40	TOFU	https://www.fortinet.com/resources/cyberglossary/sd-wan-explained	1	5	1	1	15	7	9	6	1	1	1	1	1	1	1	1	1	1	1	1	1	9	1	9	8	8	4	5	3	3	3	1	1	1	0	0
SD-WAN	business sd wan	140	MOFU		1	9	1	1	1	1	8	8	1	1	6	1	1	1	22	1	10	12	9	1	-	-	-	-	-	-	-	-	-	-	-	-	-	-	#VALUE!	#VALUE!
SD-WAN	sd wan concept	30	TOFU	https://www.fortinet.com/resources/cyberglossary/sd-wan-explained	1	4	4	1	1	1	4	1	3	1	1	1	1	1	1	1	3	3	1	1	3	1	1	1	1	2	1	1	2	1	1	1	1	1	0	0
SD-WAN	managed sd wan solutions	480	TOFU	https://www.fortinet.com/resources/cyberglossary/diy-vs-managed-sd-wan	1	1	1	1	6	6	9	10	11	11	5	22	7	1	12	9	1	1	9	29	-	-	-	-	-	1	1	-	-	34	20	101	-	1	#VALUE!	0
SD-WAN	sdn wan solutions	20	TOFU	https://www.fortinet.com/resources/cyberglossary/sd-wan-explained	1	39	40	41	43	41	37	21	-	6	11	1	1	1	1	1	1	1	1	1	1	1	1	1	1	9	1	1	1	1	1	1	1	1	0	0
SD-WAN	sd wan replace mpls	40	TOFU	https://www.fortinet.com/resources/cyberglossary/sd-wan-vs-mpls	40	12	11	12	12	12	11	14	19	11	43	9	4	2	2	2	2	2	4	2	3	3	2	2	2	2	1	2	2	2	2	2	2	2	0	38
SD-WAN	sd wan application performance	70	MOFU	https://docs.fortinet.com/document/fortianalyzer/8.0.0/administration-guide/596039/sd-wan-application	3	4	4	8	5	5	4	2	1	1	1	1	1	5	1	1	1	1	1	1	1	12	1	1	1	1	1	1	1	1	1	4	1	16	-15	-13
SD-WAN	sdn wan vs mpls	30	TOFU	https://www.fortinet.com/resources/cyberglossary/sd-wan-vs-mpls	1	1	1	1	1	1	1	1	1	1	1	3	3	1	1	1	1	1	1	1	1	1	1	1	1	1	1	1	1	3	3	4	4	1	3	0
SD-WAN	sd wan software defined wide area network	30	TOFU	https://www.fortinet.com/resources/cyberglossary/sd-wan-explained	1	1	1	1	1	4	4	1	1	4	1	4	4	1	1	1	1	1	1	1	1	1	3	1	1	1	1	1	1	1	1	1	1	1	0	0
SD-WAN	sd wan and cloud	20	BOFU 	https://www.fortinet.com/solutions/enterprise-midsize-business/sd-wan-multi-cloud	6	6	1	4	4	4	4	1	1	1	23	27	1	1	1	1	1	1	1	1	-	-	7	-	-	1	-	1	1	23	42	101	-	20	#VALUE!	-14
SD-WAN	sd wan ready	20	TOFU	https://www.fortinet.com/resources/cyberglossary/sd-wan-explained	1	1	1	1	1	1	1	1	1	3	48	5	1	1	-	6	1	1	1	1	1	1	1	-	23	16	17	27	-	22	13	28	13	16	-3	-15
SD-WAN	sd wan with mpls	90	TOFU	https://www.fortinet.com/resources/cyberglossary/sd-wan-vs-mpls	4	4	4	1	1	1	1	1	1	1	1	3	1	1	1	1	1	1	3	1	1	1	1	1	1	1	1	1	1	3	1	1	1	3	-2	1
SD-WAN	sd wan access	30	TOFU	https://www.fortinet.com/resources/cyberglossary/sd-wan-explained	12	10	1	1	1	1	1	20	37	7	5	1	1	25	34	17	1	3	19	16	16	11	9	10	11	21	18	18	-	24	11	9	101	21	80	-9
SD-WAN	mpls vs hybrid wan	40	TOFU	https://www.fortinet.com/resources/cyberglossary/sd-wan-vs-mpls	1	2	1	5	1	1	1	1	1	1	1	1	1	1	1	3	1	1	1	1	1	3	3	1	1	1	1	1	1	1	3	1	2	1	1	0
SD-WAN	sd wan software defined wan	20	TOFU	https://www.fortinet.com/resources/cyberglossary/sd-wan-explained	1	1	1	1	1	4	1	1	1	6	1	4	4	1	1	1	1	1	1	1	1	1	4	1	1	1	1	4	1	1	1	1	1	1	0	0
SD-WAN	sd wan hardware vendors	30	BOFU 	https://www.fortinet.com/blog/business-and-technology/fortinet-recognized-as-a-challenger-in-the-first-gartner-wan-edg	23	48	20	20	19	19	20	26	16	20	29	27	-	-	-	23	31	34	32	36	-	-	-	-	-	-	-	-	-	-	-	101	1	1	0	22
SD-WAN	sd wan as a service pricing	30	TOFU	https://www.fortinet.com/resources/cyberglossary/sd-wan-costs	1	3	1	1	5	1	1	1	5	5	1	1	1	7	1	1	7	7	1	9	1	1	5	1	1	1	5	1	1	3	5	6	1	5	-4	-4
SD-WAN	sd wan solutions with dynamic routing	30	MOFU	https://docs.fortinet.com/document/fortigate/7.6.0/sd-wan-sd-branch-architecture-for-mssps/587071/sd-wan-strategy-and-dynamic-routing	1	1	1	1	1	1	2	1	1	1	1	1	1	1	1	1	1	1	1	1	1	3	1	1	1	1	1	1	1	1	5	4	1	2	-1	-1
SD-WAN	difference between sdn and sd wan	50	TOFU	https://www.fortinet.com/fr/resources/cyberglossary/sdn-vs-sd-wan	3	1	1	1	3	2	2	1	1	1	1	1	2	1	1	1	1	1	1	1	1	2	1	1	1	1	1	1	1	1	1	1	1	1	0	2
SD-WAN	cloud managed sd wan	110	MOFU		5	4	5	9	5	5	9	3	5	1	4	1	22	4	8	4	20	4	14	2	1	4	1	1	1	-	1	-	-	-	-	-	-	-	#VALUE!	#VALUE!
SD-WAN	sd wan vs vpls	30	TOFU	https://www.fortinet.com/resources/cyberglossary/sd-wan-vs-mpls	1	3	1	1	1	1	4	1	1	1	1	1	1	1	1	1	1	2	2	1	1	22	4	1	1	1	1	4	4	4	4	3	3	1	2	0
SD-WAN	sd wan aggregation	30	TOFU	https://www.fortinet.com/resources/cyberglossary/what-is-wan-aggregation	1	1	2	1	1	1	1	1	1	1	1	1	1	1	1	1	1	1	1	1	2	2	1	1	1	1	1	1	1	1	1	1	1	1	0	0
SD-WAN	sd-wan aggregation	20	TOFU	https://www.fortinet.com/resources/cyberglossary/what-is-wan-aggregation	1	1	1	1	1	1	1	1	1	1	1	1	1	1	1	1	1	1	1	1	2	2	1	1	1	1	1	1	2	1	2	1	1	1	0	0
SD-WAN	what is the difference between wan and mpls	30	TOFU	https://www.fortinet.com/resources/cyberglossary/sd-wan-vs-mpls	1	3	1	1	1	1	2	1	1	1	1	1	1	1	1	1	1	1	3	1	3	3	1	1	3	1	1	1	1	2	3	3	2	3	-1	-2
SD-WAN	sd wan multi cloud	30	BOFU 	https://www.fortinet.com/solutions/enterprise-midsize-business/sd-wan-multi-cloud	3	3	3	3	3	3	3	3	3	3	3	3	3	3	3	3	3	3	3	3	-	20	3	3	1	1	26	4	1	1	3	3	4	4	0	-1
SD-WAN	sd wan vs firewall	30	TOFU	https://www.fortinet.com/resources/cyberglossary/sd-wan-explained	1	1	1	1	1	1	1	15	1	1	1	1	1	1	1	5	1	1	1	1	5	5	5	6	5	5	1	1	1	5	6	5	5	4	1	-3
SD-WAN	sd wan data center	30	TOFU	https://www.fortinet.com/resources/cyberglossary/sd-wan-explained	1	3	1	1	10	21	3	1	1	1	1	4	1	1	1	4	1	1	5	3	10	13	1	8	1	8	1	1	11	24	20	13	10	8	2	-7
SD-WAN	sd wan brands	30	TOFU	https://www.fortinet.com/resources/cyberglossary/sd-wan-explained	31	34	14	25	19	24	20	29	24	17	31	34	-	-	-	-	43	45	-	-	28	20	31	12	20	12	15	12	-	21	32	1	1	15	-14	16
SD-WAN	sdn in the wan	140	TOFU	https://www.fortinet.com/resources/cyberglossary/sdn-vs-sd-wan	1	2	1	1	1	1	2	3	2	1	1	1	1	1	1	1	1	1	1	1	1	3	1	1	1	1	1	1	1	2	1	1	3	2	1	-1
SD-WAN	sd wan security measure	20	MOFU	https://www.fortinet.com/blog/industry-trends/prioritizing-concerns-around-wan-security-issues	1	2	1	1	1	1	2	3	1	3	1	3	1	1	1	1	1	1	1	1	3	3	1	1	1	1	1	1	1	1	5	5	4	1	3	0
SD-WAN	small business wan	30	BOFU 	https://www.fortinet.com/solutions/small-business/security-sd-wan	1	1	1	1	1	1	1	1	1	1	1	1	1	1	1	1	1	1	1	1	1	1	1	1	1	1	1	1	2	3	1	1	4	2	2	-1
SD-WAN	sd wan security measures	10	MOFU	https://www.fortinet.com/blog/industry-trends/prioritizing-concerns-around-wan-security-issues	5	5	6	6	4	5	4	1	3	1	1	1	1	1	3	1	1	1	1	3	3	3	1	3	1	1	1	1	5	4	1	1	2	2	0	3
SD-WAN	sd wan enterprise edition	20	TOFU	https://training.fortinet.com/local/staticpage/view.php?page=library_sd-wan-enterprise-administrator	6	5	1	5	4	33	3	5	5	11	28	15	5	1	1	5	4	4	4	1	5	5	4	1	1	2	1	3	3	1	3	1	2	1	1	5
SD-WAN	sd wan features comparison	20	TOFU	https://www.fortinet.com/resources/cyberglossary/sd-wan-explained	1	13	1	1	1	1	11	1	1	1	1	17	1	1	10	1	2	2	1	1	1	4	1	1	4	1	1	1	4	21	1	3	95	5	90	-4
SD-WAN	why is sd wan important	50	TOFU	https://www.fortinet.com/resources/cyberglossary/benefits-of-sd-wan	1	1	1	1	1	1	1	1	1	1	1	1	1	1	1	1	1	1	1	1	1	2	1	1	1	1	1	1	1	1	2	1	1	1	0	0
SD-WAN	what is sd wan and how does it work	30	TOFU	https://www.fortinet.com/resources/cyberglossary/sd-wan-explained	3	3	3	1	1	3	3	3	3	4	2	1	1	1	1	1	1	3	3	1	4	1	18	5	5	5	5	5	1	1	5	1	1	1	0	2
SD-WAN	difference between sd wan and wan	30	TOFU	https://www.fortinet.com/resources/cyberglossary/sd-wan-explained	13	16	13	13	16	21	9	8	1	1	1	13	15	1	13	23	1	-	24	21	21	1	10	9	12	12	7	8	8	7	7	7	7	7	0	6
SASE	Sase	14800	TOFU	https://www.fortinet.com/resources/cyberglossary/sase																												1	1	1	1	1	1	1	0	-1
SASE	Sse	14800	TOFU																													1	-	-	101	25	101	-	#VALUE!	#VALUE!
SASE	Sase Meaning	4400	TOFU	https://www.fortinet.com/resources/cyberglossary/sase																												1	2	1	1	1	1	1	0	-1
SASE	What Is Sase	3600	TOFU	https://www.fortinet.com/resources/cyberglossary/sase																												1	2	1	1	2	1	1	0	-1
SASE	Secure Access Service Edge	2900	TOFU	https://www.fortinet.com/resources/cyberglossary/sase																												1	1	1	1	1	1	1	0	-1
SASE	What Is Sse	1900	TOFU																													-	-	-	-	101	1	-	#VALUE!	#VALUE!
SASE	Sase Solutions	1900	TOFU	https://www.fortinet.com/resources/cyberglossary/sase																												1	1	1	1	1	1	1	0	-1
SASE	Security Service Edge	1600	TOFU	https://www.fortinet.com/resources/cyberglossary/security-service-edge-sse																												1	1	1	1	1	1	1	0	-1
SASE	Sase Architecture	1300	TOFU	https://www.fortinet.com/resources/cyberglossary/sase																												1	1	1	1	1	1	1	0	-1
SASE	Sase Definition	1000	TOFU	https://www.fortinet.com/resources/cyberglossary/sase																												1	1	1	1	1	1	1	0	-1
SASE	Sase Vs Sse	1000	TOFU	https://www.fortinet.com/resources/cyberglossary/security-service-edge-sse																												1	4	1	4	1	4	1	3	-1
SASE	Sase Benefits	720	TOFU	https://www.fortinet.com/resources/cyberglossary/sase-benefits																												1	1	1	3	1	1	1	0	-1
SASE	Secure Access Service Edge SASE	480	TOFU	https://www.fortinet.com/resources/cyberglossary/sase																												1	1	1	1	1	1	1	0	-1
SASE	Sase Providers	480	TOFU	https://www.fortinet.com/resources/cyberglossary/sase																												15	1	7	7	11	1	1	0	-1
SASE	Sase Platform	480	TOFU	https://www.fortinet.com/resources/cyberglossary/sase																												1	1	2	1	1	1	1	0	-1
SASE	Sase Vs Casb	390	TOFU	https://www.fortinet.com/resources/cyberglossary/sase-vs-casb																												1	1	1	3	1	1	1	0	-1
SASE	Sase Network	320	TOFU	https://www.fortinet.com/resources/cyberglossary/sase																												1	1	1	1	1	1	1	0	-1
SASE	Sase Provider	320	TOFU	https://www.fortinet.com/resources/cyberglossary/sase																												11	1	7	7	7	1	7	-6	-7
SASE	Sase Vendor	320	TOFU	https://www.fortinet.com/resources/cyberglossary/sase																												7	1	29	7	1	1	1	0	-1
SASE	Sase Network Security	260	TOFU	https://www.fortinet.com/resources/cyberglossary/sase																												1	1	1	1	2	1	1	0	-1
SASE	Sase Vs Ztna	170	TOFU	https://www.fortinet.com/resources/cyberglossary/sase-vs-ztna																												1	1	1	3	1	1	1	0	-1
SASE	Sase Vs Vpn	170	TOFU	https://www.fortinet.com/resources/articles/sase-replaces-vpns																												1	1	1	1	1	1	1	0	-1
SASE	Single Vendor Sase	170	BOFU 	https://www.fortinet.com/blog/business-and-technology/fortinet-single-vendor-sase-recognition																												2	2	2	3	1	1	1	0	-1
SASE	Sd-Wan Vs Sase	90	TOFU	https://www.fortinet.com/resources/cyberglossary/sd-wan-vs-sase																												1	1	1	1	1	1	1	0	-1
SASE	How Does Sase Work	50	TOFU	https://www.fortinet.com/resources/cyberglossary/sase																												1	1	1	1	1	1	1	0	-1
SASE	Ai Sase	40	MOFU	https://www.fortinet.com/blog/unified-sase/the-ai-era-needs-new-sase-heres-what-that-actually-looks-like																												11	11	8	10	9	14	8	6	-8
SASE	Sovereign Sase	40	MOFU	https://www.fortinet.com/resources/cyberglossary/sovereign-sase																												1	1	1	1	1	1	2	-1	-2
SASE	Ai Powered Sase	30	BOFU 	https://www.fortinet.com/solutions/enterprise-midsize-business/security-as-a-service/fortiguard-subscriptions/sase																												1	1	9	31	1	6	8	-2	-8
SASE	Sase Services	390	TOFU	https://www.fortinet.com/resources/cyberglossary/sase																												1	1	1	1	1	1	7	-6	-7
SASE	Sase Service Provider	30	TOFU	https://www.fortinet.com/resources/cyberglossary/sase																												10	9	8	8	8	6	7	-1	-7
Quantum Security	quantum computing	74000	TOFU																													-	-	-	-	-	-	-	#VALUE!	#VALUE!
Quantum Security	quantum cryptography	18100	TOFU																													-	-	-	101	39	101	-	#VALUE!	#VALUE!
Quantum Security	post-quantum cryptography	8100	TOFU	https://www.fortinet.com/resources/cyberglossary/post-quantum-cryptography																												22	1	1	1	1	1	1	0	-1
Quantum Security	quantum encryption	2900	TOFU	https://www.fortinet.com/blog/industry-trends/quantum-safe-encryption-safeguarding-data-for-the-quantum-era																												1	8	1	1	1	7	1	6	-1
Quantum Security	PQC	1900	TOFU	https://www.fortinet.com/resources/cyberglossary/post-quantum-cryptography																												22	1	1	19	1	1	1	0	-1
Quantum Security	quantum key distribution	1000	TOFU	https://www.fortinet.com/resources/cyberglossary/quantum-key-distribution																												6	1	1	1	1	1	1	0	-1
Quantum Security	HNDL	1000	TOFU																													-	-	-	-	-	-	-	#VALUE!	#VALUE!
Quantum Security	quantum security	880	TOFU	https://www.fortinet.com/resources/cyberglossary/quantum-computing-security																												1	1	1	1	1	1	1	0	-1
Quantum Security	QKD	880	TOFU	https://www.fortinet.com/resources/cyberglossary/quantum-key-distribution																												1	1	7	1	1	1	1	0	-1
Quantum Security	q-day	720	TOFU	https://www.fortinet.com/resources/articles/what-is-q-day																												1	1	1	1	1	1	1	0	-1
Quantum Security	quantum day	480	TOFU																													-	-	-	-	-	-	-	#VALUE!	#VALUE!
Quantum Security	quantum safe encryption	390	TOFU	https://www.fortinet.com/blog/industry-trends/quantum-safe-encryption-safeguarding-data-for-the-quantum-era																												1	19	1	1	5	1	1	0	-1
Quantum Security	harvest now decrypt later	210	TOFU																													-	-	-	-	-	-	-	#VALUE!	#VALUE!
Quantum Security	quantum computing security	170	TOFU	https://www.fortinet.com/resources/cyberglossary/quantum-computing-security																												1	1	1	1	1	1	1	0	-1
Quantum Security	what is PQC	170	TOFU																													27	1	1	-	101	27	-	#VALUE!	#VALUE!
Quantum Security	Cryptographic Agility	140	TOFU	https://www.fortinet.com/resources/articles/crypto-agility-quantum-readiness																												34	33	30	40	28	33	35	-2	-35
Quantum Security	quantum readiness	110	TOFU	https://www.fortinet.com/resources/articles/crypto-agility-quantum-readiness																												32	16	13	18	22	14	12	2	-12
Quantum Security	Crypto-Agility	70	TOFU	https://www.fortinet.com/resources/articles/crypto-agility-quantum-readiness																												29	27	33	18	19	23	21	2	-21
Quantum Security	what is QKD	40	TOFU	https://www.fortinet.com/resources/cyberglossary/quantum-key-distribution																												1	6	1	1	1	1	1	0	-1
Quantum Security	what is q-day	30	TOFU	https://www.fortinet.com/resources/articles/what-is-q-day																												1	1	1	27	1	1	1	0	-1
Quantum Security	Shor's and Grover's Algorithms	20	TOFU	https://www.fortinet.com/resources/cyberglossary/shors-grovers-algorithms																												1	1	1	1	1	1	1	0	-1
Quantum Security	post quantum readiness	20	TOFU	https://www.fortinet.com/resources/cyberglossary/post-quantum-cryptography																												29	31	-	101	31	1	1	0	-1
Quantum Security	Quantum-Risk Assessment	20	MOFU	https://www.fortinet.com/resources/articles/quantum-risk-assessment																												6	1	1	1	1	1	1	0	-1
Quantum Security	what is HNDL	20	TOFU																													-	-	-	-	-	-	-	#VALUE!	#VALUE!
Quantum Security	Quantum-Safe Security	10	TOFU	https://www.fortinet.com/blog/industry-trends/quantum-safe-encryption-safeguarding-data-for-the-quantum-era																												1	1	1	1	1	1	1	0	-1
Quantum Security	what is quatum security		TOFU	https://www.fortinet.com/resources/cyberglossary/quantum-computing-security																												1	1	1	1	1	1	1	0	-1
Quantum Security	NIST PQC standards	70	TOFU																													-	-	-	-	-	-	-	#VALUE!	#VALUE!
Quantum Security	quantum security solutions	40	TOFU	https://www.fortinet.com/resources/cyberglossary/quantum-security																												2	1	1	4	3	2	1	1	-1
AI Cybersecurity	AI in cybersecurity	22200	TOFU	https://www.fortinet.com/resources/cyberglossary/artificial-intelligence-in-cybersecurity																												1	1	1	1	1	1	1	0	-1
AI Cybersecurity	ai governance	8100	TOFU																													-	-	-	-	-	-	-	#VALUE!	#VALUE!
AI Cybersecurity	AI security	6600	TOFU	https://www.fortinet.com/resources/cyberglossary/ai-security																												1	1	1	15	1	1	16	-15	-16
AI Cybersecurity	aiops	5400	TOFU																													14	1	34	101	19	27	-	#VALUE!	#VALUE!
AI Cybersecurity	ai data center	5400	TOFU	https://www.fortinet.com/resources/cyberglossary/ai-data-centers																												26	-	-	32	101	16	29	-13	-29
AI Cybersecurity	deepfake ai	5400	TOFU	https://www.fortinet.com/resources/cyberglossary/deepfake																												15	3	2	4	20	1	1	0	-1
AI Cybersecurity	frontier ai	3600	TOFU																													-	-	-	-	-	-	-	#VALUE!	#VALUE!
AI Cybersecurity	ai governance framework	2900	TOFU																													-	-	-	-	-	-	-	#VALUE!	#VALUE!
AI Cybersecurity	ai adoption	2400	TOFU	https://www.fortinet.com/resources/cyberglossary/ai-adoption																												2	1	1	1	1	3	2	1	-2
AI Cybersecurity	ai security solutions	1600	BOFU 	https://www.fortinet.com/resources/cyberglossary/ai-security																												-	-	-	-	101	39	25	14	-25
AI Cybersecurity	agentic ai security	1000	TOFU																													-	-	-	-	-	-	-	#VALUE!	#VALUE!
AI Cybersecurity	how can generative ai be used in cybersecurity	880	TOFU	https://www.fortinet.com/resources/cyberglossary/artificial-intelligence-in-cybersecurity																												1	1	1	1	12	1	1	0	-1
AI Cybersecurity	ai red teaming	880	TOFU	https://www.fortinet.com/resources/cyberglossary/red-teaming																												-	-	-	-	101	35	39	-4	-39
AI Cybersecurity	Generative ai security	720	TOFU																													-	-	-	-	-	-	-	#VALUE!	#VALUE!
AI Cybersecurity	ai prompt injection	590	TOFU																													-	-	-	-	-	-	-	#VALUE!	#VALUE!
AI Cybersecurity	Artificial intelligence in cybersecurity	390	TOFU	https://www.fortinet.com/resources/cyberglossary/artificial-intelligence-in-cybersecurity																												1	1	1	1	1	1	1	0	-1
AI Cybersecurity	ai siem	390	MOFU																													-	-	-	-	-	-	-	#VALUE!	#VALUE!
AI Cybersecurity	ai security risk	320	TOFU	https://www.fortinet.com/resources/cyberglossary/ai-security																												6	1	22	1	4	4	12	-8	-12
AI Cybersecurity	ai secops	110	MOFU	https://events.fortinet.com/secopsdemospotlight_q226																												1	5	7	21	6	1	1	0	-1
AI Cybersecurity	gen ai security solutions		BOFU 																													-	14	-	-	-	-	-	#VALUE!	#VALUE!
AI Cybersecurity	ai security definition	720	TOFU	https://www.fortinet.com/resources/cyberglossary/ai-security																																-	1	1	0	-1
AI Cybersecurity	what is ai security	720	TOFU	https://www.fortinet.com/resources/cyberglossary/ai-security																																-	1	1	0	-1
AI Cybersecurity	artificial intelligence security	720	MOFU	https://www.fortinet.com/resources/cyberglossary/ai-security																																-	9	1	8	-1
AI Cybersecurity	ai security systems	390	MOFU	https://www.fortinet.com/resources/cyberglossary/ai-security																																-	1	1	0	-1
AI Cybersecurity	how ai security works		TOFU	https://www.fortinet.com/uk/resources/cyberglossary/ai-security																																-	1	1	0	-1
AI Cybersecurity	ai security benefits	20	MOFU	https://www.fortinet.com/resources/cyberglossary/ai-security																																-	2	1	1	-1
AI Cybersecurity	ai security threats	320	TOFU	https://www.fortinet.com/resources/cyberglossary/ai-security																																-	1	5	-4	-5
AI Cybersecurity	ai security for enterprise	20	MOFU																																	-	-	-	#VALUE!	#VALUE!
AI Cybersecurity	ai security challenges	40	MOFU																																	-	-	-	#VALUE!	#VALUE!
AI Cybersecurity	ai security frameworks	140	MOFU																																	-	-	-	#VALUE!	#VALUE!
AI Cybersecurity	ai security use case		MOFU	https://www.fortinet.com/resources/cyberglossary/ai-security																																-	17	19	-2	-19
AI Cybersecurity	ai security best practices	390	MOFU																																	-	-	-	#VALUE!	#VALUE!
AI Cybersecurity	ai based security	70	MOFU	https://www.fortinet.com/resources/cyberglossary/ai-security																																-	9	4	5	-4
AI Cybersecurity	ai driven security	210	MOFU	https://www.fortinet.com/resources/cyberglossary/ai-security																																-	1	1	0	-1
AI Cybersecurity	ai powered security	110	MOFU	https://www.fortinet.com/resources/cyberglossary/ai-security																																-	1	1	0	-1
AI Cybersecurity	ai security monitoring	260	MOFU	https://www.fortinet.com/resources/cyberglossary/ai-security																																-	5	1	4	-1
AI Cybersecurity	ai based security system	90	MOFU	https://www.fortinet.com/resources/cyberglossary/ai-security																																-	1	1	0	-1
AI Cybersecurity	ai security examples	40	TOFU	https://www.fortinet.com/resources/cyberglossary/ai-security																																-	1	1	0	-1
AI Cybersecurity	what is ai in cybersecurity	20	TOFU	https://www.fortinet.com/resources/cyberglossary/artificial-intelligence-in-cybersecurity																																-	1	1	0	-1
AI Cybersecurity	ai cybersecurity	4400	TOFU	https://www.fortinet.com/resources/cyberglossary/artificial-intelligence-in-cybersecurity																																-	1	1	0	-1
AI Cybersecurity	ai cybersecurity tools	2400	BOFU 	https://www.fortinet.com/resources/cyberglossary/artificial-intelligence-in-cybersecurity																																-	5	1	4	-1
AI Cybersecurity	ai for cybersecurity	880	MOFU	https://www.fortinet.com/resources/cyberglossary/artificial-intelligence-in-cybersecurity																																-	1	1	0	-1
AI Cybersecurity	ai automation in cybersecurity	50	MOFU	https://www.fortinet.com/resources/cyberglossary/artificial-intelligence-in-cybersecurity																																-	4	1	3	-1
AI Cybersecurity	ai cybersecurity incidents	140	TOFU	https://www.fortinet.com/resources/cyberglossary/artificial-intelligence-in-cybersecurity																																-	2	8	-6	-8
AI Cybersecurity	cybersecurity and ai	1000	TOFU	https://www.fortinet.com/resources/cyberglossary/artificial-intelligence-in-cybersecurity																																-	1	1	0	-1
AI Cybersecurity	ai cybersecurity risks	1600	TOFU	https://www.fortinet.com/resources/cyberglossary/artificial-intelligence-in-cybersecurity																																-	28	23	5	-23
AI Cybersecurity	ai cybersecurity applications		MOFU	https://www.fortinet.com/resources/cyberglossary/artificial-intelligence-in-cybersecurity																																-	3	3	0	-3
AI Cybersecurity	ai cybersecurity certification	590	BOFU 																																	-	-	-	#VALUE!	#VALUE!
AI Cybersecurity	ai cybersecurity threats	480	TOFU	https://www.fortinet.com/resources/cyberglossary/artificial-intelligence-in-cybersecurity																																-	12	14	-2	-14
AI Cybersecurity	generative ai for cybersecurity	170	MOFU																																	-	-	-	#VALUE!	#VALUE!
AI Cybersecurity	generative ai in cybersecurity	480	MOFU	https://www.fortinet.com/resources/cyberglossary/artificial-intelligence-in-cybersecurity																																-	-	15	#VALUE!	-15
AI Cybersecurity	ai cybersecurity software	210	BOFU 	https://www.fortinet.com/resources/cyberglossary/artificial-intelligence-in-cybersecurity																																-	4	14	-10	-14
AI Cybersecurity	role of ai in cybersecurity	260	TOFU	https://www.fortinet.com/resources/cyberglossary/artificial-intelligence-in-cybersecurity																																-	1	1	0	-1
AI Cybersecurity	risks of ai in cybersecurity	110	TOFU	https://www.fortinet.com/resources/cyberglossary/artificial-intelligence-in-cybersecurity																																-	-	20	#VALUE!	-20
AI Cybersecurity	ai powered cybersecurity	210	MOFU	https://www.fortinet.com/resources/cyberglossary/artificial-intelligence-in-cybersecurity																																-	1	1	0	-1
AI Cybersecurity	what is an ai data center	2400	TOFU																																	-	-	-	#VALUE!	#VALUE!
AI Cybersecurity	artificial intelligence data center	480	TOFU	https://www.fortinet.com/resources/cyberglossary/ai-data-centers																																-	34	23	11	-23
AI Cybersecurity	what are ai data centers	1000	TOFU	https://www.fortinet.com/resources/cyberglossary/ai-data-centers																																-	32	45	-13	-45
AI Cybersecurity	ai impact on data centers	70	MOFU																																	-	-	-	#VALUE!	#VALUE!
AI Cybersecurity	data center challenges in ai		MOFU																																	-	-	-	#VALUE!	#VALUE!
AI Cybersecurity	benefits of ai data center	40	MOFU	https://www.fortinet.com/resources/cyberglossary/ai-data-centers																																-	1	1	0	-1
AI Cybersecurity	ai data center architecture	110	MOFU	https://www.fortinet.com/resources/cyberglossary/ai-data-centers																																-	28	23	5	-23
AI Cybersecurity	ai data center trends	30	MOFU																																	-	-	-	#VALUE!	#VALUE!
AI Cybersecurity	what is aiops	1900	TOFU	https://www.fortinet.com/resources/cyberglossary/aiops-future-of-it-operations																																-	23	1	22	-1
AI Cybersecurity	aiops definition	140	TOFU	https://www.fortinet.com/resources/cyberglossary/aiops-future-of-it-operations																																-	26	29	-3	-29
AI Cybersecurity	ai operations	880	MOFU																																	-	-	-	#VALUE!	#VALUE!
AI Cybersecurity	artificial intelligence for it operations	390	MOFU	https://www.fortinet.com/resources/cyberglossary/aiops-future-of-it-operations																																-	1	1	0	-1
AI Cybersecurity	aiops tools	1900	BOFU 																																	-	-	-	#VALUE!	#VALUE!
AI Cybersecurity	aiops software	590	BOFU 																																	-	-	-	#VALUE!	#VALUE!
AI Cybersecurity	what does aiops stand for	50	TOFU	https://www.fortinet.com/resources/cyberglossary/aiops-future-of-it-operations																																-	25	29	-4	-29
AI Cybersecurity	aiops trends	70	MOFU																																	-	-	-	#VALUE!	#VALUE!
AI Cybersecurity	aiops meaning	140	TOFU	https://www.fortinet.com/resources/cyberglossary/aiops-future-of-it-operations																																-	16	13	3	-13
AI Cybersecurity	aiops network	70	MOFU	https://www.fortinet.com/resources/cyberglossary/aiops-future-of-it-operations																																-	1	1	0	-1
AI Cybersecurity	what are aiops	50	TOFU	https://www.fortinet.com/resources/cyberglossary/aiops-future-of-it-operations																																-	26	28	-2	-28
AI Cybersecurity	aiops monitoring	140	MOFU	https://www.fortinet.com/resources/cyberglossary/aiops-future-of-it-operations																																-	33	33	0	-33
AI Cybersecurity	aiops platforms	1300	BOFU 																																	-	-	-	#VALUE!	#VALUE!
AI Cybersecurity	aiops framework	90	MOFU	https://www.fortinet.com/resources/cyberglossary/aiops-future-of-it-operations																																-	11	10	1	-10
AI Cybersecurity	aiops capabilities	90	MOFU	https://www.fortinet.com/resources/cyberglossary/aiops-future-of-it-operations																																-	24	23	1	-23
AI Cybersecurity	aiops networking	50	MOFU	https://www.fortinet.com/resources/cyberglossary/aiops-future-of-it-operations																																-	1	1	0	-1
AI Cybersecurity	enterprise aiops	110	MOFU																																	-	-	-	#VALUE!	#VALUE!
AI Cybersecurity	aiops vendors	210	BOFU 																																	-	-	-	#VALUE!	#VALUE!
AI Cybersecurity	what is ai risk management	50	TOFU																																	-	-	-	#VALUE!	#VALUE!
AI Cybersecurity	ai risk management framework	1300	MOFU																																	-	-	-	#VALUE!	#VALUE!
AI Cybersecurity	artificial intelligence risk management	140	TOFU	https://www.fortinet.com/cn/resources/cyberglossary/ai-risk-management																																-	58	59	-1	-59
AI Cybersecurity	ai and risk management	260	MOFU																																	-	-	-	#VALUE!	#VALUE!
AI Cybersecurity	ai for risk management	260	MOFU																																	-	-	-	#VALUE!	#VALUE!
AI Cybersecurity	ai risk assessment	1300	MOFU																																	-	-	-	#VALUE!	#VALUE!
AI Cybersecurity	ai in risk management	3600	MOFU																																	-	-	-	#VALUE!	#VALUE!
AI Cybersecurity	artificial intelligence risk management framework	320	MOFU																																	-	-	-	#VALUE!	#VALUE!
AI Cybersecurity	ai and machine learning for risk management	40	MOFU																																	-	-	-	#VALUE!	#VALUE!
AI Cybersecurity	ai model risk management	90	MOFU																																	-	-	-	#VALUE!	#VALUE!
AI Cybersecurity	what is deepfake ai	70	TOFU	https://www.fortinet.com/resources/cyberglossary/deepfake-ai																																-	1	1	0	-1
AI Cybersecurity	ai deepfakes	2400	TOFU	https://www.fortinet.com/resources/cyberglossary/deepfake-ai																																-	1	1	0	-1
AI Cybersecurity	how do deepfakes work	720	TOFU	https://www.fortinet.com/resources/cyberglossary/deepfake																																-	22	21	1	-21
AI Cybersecurity	deepfake ai technology	20	MOFU	https://www.fortinet.com/resources/cyberglossary/deepfake																																-	5	6	-1	-6
AI Cybersecurity	deepfake ai examples		TOFU	https://www.fortinet.com/resources/cyberglossary/deepfake																																-	20	16	4	-16
AI Cybersecurity	deepfake ai best practices		MOFU	https://www.fortinet.com/resources/cyberglossary/deepfake																																-	78	77	1	-77
AI Cybersecurity	deepfake ai challenges		MOFU																																	-	-	-	#VALUE!	#VALUE!
AI Cybersecurity	deepfakes meaning	1000	TOFU	https://www.fortinet.com/resources/cyberglossary/deepfake																																-	1	16	-15	-16
AI Cybersecurity	what does deepfake mean	720	TOFU	https://www.fortinet.com/resources/cyberglossary/deepfake																																-	1	10	-9	-10
AI Cybersecurity	deepfake ai risks		MOFU	https://www.fortinet.com/resources/cyberglossary/deepfake																																-	3	4	-1	-4
AI Cybersecurity	deepfake attacks	90	MOFU	https://www.fortinet.com/resources/cyberglossary/deepfake																																-	3	4	-1	-4
AI Cybersecurity	what is ai adoption	90	TOFU	https://www.fortinet.com/resources/cyberglossary/ai-adoption																																-	1	1	0	-1
AI Cybersecurity	what industries benefit most from ai adoption		TOFU																																	-	-	-	#VALUE!	#VALUE!
AI Cybersecurity	what frameworks guide successful ai adoption		TOFU	https://www.fortinet.com/resources/cyberglossary/ai-adoption																																-	11	28	-17	-28
AI Cybersecurity	enterprise ai adoption	720	MOFU																																	-	-	-	#VALUE!	#VALUE!
AI Cybersecurity	ai adoption strategy	480	MOFU	https://www.fortinet.com/resources/cyberglossary/ai-adoption																																-	1	1	0	-1
AI Cybersecurity	ai adoption challenges	720	MOFU																																	-	-	-	#VALUE!	#VALUE!
AI Cybersecurity	ai adoption framework	1000	MOFU	https://www.fortinet.com/resources/cyberglossary/ai-adoption																																-	24	25	-1	-25
AI Cybersecurity	generative ai adoption	210	MOFU	https://www.fortinet.com/resources/cyberglossary/ai-adoption																																-	13	25	-12	-25
AI Cybersecurity	ai adoption by industry	260	TOFU																																	-	-	-	#VALUE!	#VALUE!
AI Cybersecurity	strategic ai adoption	170	MOFU	https://www.fortinet.com/resources/cyberglossary/ai-adoption																																-	1	1	0	-1
AI Cybersecurity	ai adoption rate	140	TOFU																																	-	-	-	#VALUE!	#VALUE!
AI Cybersecurity	enterprise ai adoption trends	90	MOFU																																	-	-	-	#VALUE!	#VALUE!
AI Cybersecurity	ai adoption statistics	260	TOFU																																	-	-	-	#VALUE!	#VALUE!
AI Cybersecurity	adoption of ai for cybersecurity	70	MOFU	https://www.fortinet.com/resources/cyberglossary/artificial-intelligence-in-cybersecurity																																-	5	11	-6	-11
AI Cybersecurity	enterprise ai adoption challenges	50	MOFU																																	-	-	-	#VALUE!	#VALUE!
AI Cybersecurity	ai adoption in healthcare	170	MOFU																																	-	-	-	#VALUE!	#VALUE!
AI Cybersecurity	preparing for ai adoption	210	MOFU	https://www.fortinet.com/resources/cyberglossary/ai-adoption																																-	39	22	17	-22
AI Cybersecurity	ai adoption in financial services	70	MOFU																																	-	-	-	#VALUE!	#VALUE!
AI Cybersecurity	ai cybersecurity providers	10	BOFU 	https://www.fortinet.com/resources/cyberglossary/artificial-intelligence-in-cybersecurity																																-	-	1	#VALUE!	-1
AI Cybersecurity	ai cyber security companies	170	BOFU 	https://www.fortinet.com/resources/articles/leading-ai-security-companies																																-	1	1	0	-1
AI Cybersecurity	best ai security companies	20	BOFU 	https://www.fortinet.com/resources/articles/leading-ai-security-companies																																-	1	1	0	-1
AI Cybersecurity	ai security vendor		BOFU 	https://www.fortinet.com/resources/articles/leading-ai-security-companies																																-	1	10	-9	-10
AI Cybersecurity	which are the top ai security companies		BOFU 	https://www.fortinet.com/resources/articles/leading-ai-security-companies																																-	4	6	-2	-6
AI Cybersecurity	what companies provide ai security platforms		BOFU 	https://www.fortinet.com/resources/articles/leading-ai-security-companies																																-	8	8	0	-8
AI Cybersecurity	ai security platfrom		BOFU 	https://www.fortinet.com/solutions/ai-security																																-	27	28	-1	-28
AI Cybersecurity	ai security software	590	BOFU 	https://www.fortinet.com/solutions/ai-security																																-	13	17	-4	-17
AI Cybersecurity	ai security services	90	BOFU 	https://www.fortinet.com/resources/cyberglossary/ai-security																																-	9	1	8	-1
AI Cybersecurity	ai security companies	720	BOFU 																																	-	1	-	#VALUE!	#VALUE!
AI Cybersecurity	ai security providers	20	BOFU 	https://www.fortinet.com/resources/articles/leading-ai-security-companies																																-	1	9	-8	-9
AI Cybersecurity	ai cybersecurity solutions	880	BOFU 	https://www.fortinet.com/resources/cyberglossary/artificial-intelligence-in-cybersecurity																																-	4	1	3	-1
AI Cybersecurity	top ai cybersecurity vendors	10	BOFU 	https://www.fortinet.com/resources/articles/leading-ai-security-companies																																-	9	6	3	-6
AI Cybersecurity	list of ai cybersecurity tools	2400	BOFU 	https://www.fortinet.com/resources/cyberglossary/artificial-intelligence-in-cybersecurity																																-	3	24	-21	-24
AI Cybersecurity	gen ai security platform		BOFU 																																	-	-	-	#VALUE!	#VALUE!
AI Cybersecurity	ai risk management	3600	MOFU																																	-	-	-	#VALUE!	#VALUE!
OT Security	ot security	3600	MOFU	https://www.fortinet.com/solutions/industries/scada-industrial-control-systems/what-is-ot-security																													1	1	1	1	2	2	0	-2
OT Security	ot cybersecurity	1600	TOFU	https://www.fortinet.com/resources/cyberglossary/ot-security-best-practices																													-	14	13	10	1	10	-9	-10
OT Security	what is ot security	1000	MOFU	https://www.fortinet.com/solutions/industries/scada-industrial-control-systems/what-is-ot-security																													-	1	1	2	2	2	0	-2
OT Security	what is ot cybersecurity	140	MOFU	https://www.fortinet.com/resources/cyberglossary/it-vs-ot-cybersecurity																													-	7	11	12	10	6	4	-6
OT Security	what is ot in cybersecurity	90	MOFU	https://www.fortinet.com/resources/cyberglossary/it-vs-ot-cybersecurity																													-	13	13	11	11	6	5	-6
OT Security	what is operational technology	720	MOFU	https://www.fortinet.com/solutions/industries/scada-industrial-control-systems/what-is-ot-security																													-	4	4	1	4	1	3	-1
OT Security	operational technology security	1000	MOFU	https://www.fortinet.com/solutions/industries/scada-industrial-control-systems/what-is-ot-security																													-	1	1	1	1	1	0	-1
OT Security	operational technology cyber security	390	TOFU	https://www.fortinet.com/solutions/industries/scada-industrial-control-systems/what-is-ot-security																													-	13	14	8	13	14	-1	-14
OT Security	ot technology	480	MOFU	https://www.fortinet.com/solutions/industries/scada-industrial-control-systems/what-is-ot-security																													-	1	4	3	3	1	2	-1
OT Security	ot network security	390	MOFU	https://www.fortinet.com/resources/cyberglossary/it-vs-ot-cybersecurity																													-	1	5	1	1	1	0	-1
OT Security	ot security meaning	390	MOFU	https://www.fortinet.com/solutions/industries/scada-industrial-control-systems/what-is-ot-security																													-	1	1	2	2	2	0	-2
OT Security	ot environment	390	MOFU	https://www.fortinet.com/resources/cyberglossary/it-vs-ot-cybersecurity																													-	1	1	3	1	1	0	-1
OT Security	operational technology definition	140	MOFU	https://www.fortinet.com/solutions/industries/scada-industrial-control-systems/what-is-ot-security																													-	4	4	1	4	1	3	-1
OT Security	ot security architecture	50	MOFU	https://training.fortinet.com/local/staticpage/view.php?page=library_ot-security																													-	2	3	3	2	2	0	-2
OT Security	iot/ot security	70	TOFU	https://www.fortinet.com/resources/cyberglossary/iot-security																													-	11	22	22	7	9	-2	-9
OT Security	iot security	5400	TOFU	https://www.fortinet.com/resources/cyberglossary/iot-security																													1	1	1	1	1	1	0	-1
OT Security	iot and ot security	40	TOFU	https://www.fortinet.com/resources/cyberglossary/iot-security																													-	4	10	6	7	6	1	-6
OT Security	ot security framework	70	TOFU	https://www.fortinet.com/resources/cyberglossary/ot-security-best-practices																													-	21	21	4	3	5	-2	-5
OT Security	ot security standards	90	TOFU	https://www.fortinet.com/resources/cyberglossary/ot-security-best-practices																													-	4	3	4	3	4	-1	-4
OT Security	what does ot stand for in cyber security	40	MOFU	https://www.fortinet.com/solutions/industries/scada-industrial-control-systems/what-is-ot-security																													-	3	3	3	1	1	0	-1
OT Security	manufacturing ot security	50	TOFU	https://www.fortinet.com/resources/cyberglossary/manufacturing-ot																													-	1	1	1	1	1	0	-1
OT Security	ot cyber security framework	70	MOFU	https://www.fortinet.com/resources/cyberglossary/ot-security-best-practices																													-	6	13	7	7	6	1	-6
OT Security	industrial ot cybersecurity	70	MOFU	https://www.fortinet.com/solutions/industries/scada-industrial-control-systems/what-is-ot-security																													-	13	12	18	16	21	-5	-21
OT Security	ot/ics cybersecurity	70	MOFU	https://www.fortinet.com/resources/cyberglossary/ics-scada																													-	-	101	33	1	38	-37	-38
OT Security	ics/ot	140	TOFU	https://www.fortinet.com/resources/cyberglossary/ics-scada																													-	33	34	32	29	31	-2	-31
OT Security	operational technology network	40	MOFU	https://www.fortinet.com/solutions/industries/scada-industrial-control-systems/what-is-ot-security																													-	5	5	5	5	5	0	-5
OT Security	ot infrastructure	140	MOFU	https://www.fortinet.com/solutions/industries/scada-industrial-control-systems/what-is-ot-security																													-	1	1	1	1	1	0	-1
OT Security	ot network architecture	90	MOFU	https://www.fortinet.com/content/dam/fortinet/assets/white-papers/wp-operational-technology-design-guide.pdf																													-	55	59	36	15	21	-6	-21
OT Security	ot networking	90	MOFU	https://www.fortinet.com/solutions/industries/scada-industrial-control-systems/what-is-ot-security																													-	1	4	5	1	4	-3	-4
OT Security	cyber security for operational technology	40	TOFU	https://www.fortinet.com/resources/cyberglossary/it-vs-ot-cybersecurity																													-	9	7	7	4	3	1	-3
OT Security	operational technology networks	50	MOFU	https://www.fortinet.com/solutions/industries/scada-industrial-control-systems/what-is-ot-security																													-	3	3	3	3	3	0	-3
OT Security	operational technology examples	70	MOFU	https://www.fortinet.com/solutions/industries/scada-industrial-control-systems/what-is-ot-security																													-	5	5	5	5	6	-1	-6
OT Security	ot vulnerabilities	140	TOFU	https://www.fortinet.com/resources/cyberglossary/iot-device-vulnerabilities																													-	13	15	14	12	22	-10	-22
OT Security	ot it security	30	MOFU	https://www.fortinet.com/solutions/industries/scada-industrial-control-systems/what-is-ot-security																													-	3	1	1	3	3	0	-3
OT Security	ot devices	390	MOFU	https://www.fortinet.com/solutions/industries/scada-industrial-control-systems/what-is-ot-security																													-	3	1	3	3	1	2	-1
OT Security	ot security tools	170	TOFU	https://www.fortinet.com/solutions/ot-security																													-	6	1	6	5	1	4	-1
OT Security	ot security solutions	480	BOFU 	https://www.fortinet.com/solutions/ot-security																													1	1	1	3	1	2	-1	-2
OT Security	best ot security for critical infrastructure	140	BOFU 	https://www.fortinet.com/solutions/industries/scada-industrial-control-systems/what-is-ot-security																													-	1	1	2	2	1	1	-1
OT Security	ot cyber security companies	140	BOFU 	https://www.fortinet.com/solutions/ot-security																													-	-	-	101	22	1	21	-1
OT Security	ot security companies	210	BOFU 	https://www.fortinet.com/solutions/ot-security																													-	20	18	1	1	1	0	-1
OT Security	ot security assessment	90	BOFU 	https://www.fortinet.com/assess/ot																													-	10	10	10	14	12	2	-12
OT Security	ot security company	140	BOFU 	https://www.fortinet.com/solutions/ot-security																													-	1	1	1	1	1	0	-1
OT Security	best ot security companies	70	BOFU 																														-	-	-	-	-	-	#VALUE!	#VALUE!
OT Security	ot security monitoring	110	TOFU	https://www.fortinet.com/resources/cyberglossary/ot-security-best-practices																													-	3	1	8	10	10	0	-10
OT Security	ot cybersecurity vendors	90	BOFU 																														-	36	39	22	20	-	#VALUE!	#VALUE!
OT Security	securing ot networks	70	TOFU	https://www.fortinet.com/resources/cyberglossary/it-vs-ot-cybersecurity																													-	1	2	1	1	1	0	-1
																																								
																																								
																																								
																																								
																																								
																																								
																																								
																																								
																																								
																																								
																																								
																																								